<CURRICULO-VITAE SISTEMA-ORIGEM-XML="LATTES_OFFLINE" NUMERO-IDENTIFICADOR="5900345665779424" FORMATO-DATA-ATUALIZACAO="DDMMAAAA" DATA-ATUALIZACAO="03122016" FORMATO-HORA-ATUALIZACAO="HHMMSS" HORA-ATUALIZACAO="174241"><DADOS-GERAIS NOME-COMPLETO="Rene Faustino Gabriel Junior" NOME-EM-CITACOES-BIBLIOGRAFICAS="GABRIEL JUNIOR, Rene Faustino;GABRIEL JUNIOR, R. F." NACIONALIDADE="B" PAIS-DE-NASCIMENTO="Brasil" FORMATO-DATA-DE-NASCIMENTO="DDMMAAAA" FORMATO-DATA-DE-EMISSAO="DDMMAAAA" PERMISSAO-DE-DIVULGACAO="NAO" SIGLA-PAIS-NACIONALIDADE="BRA" PAIS-DE-NACIONALIDADE="Brasil"><RESUMO-CV TEXTO-RESUMO-CV-RH="Doutor em Ciência da Informação na Universidade Estadual Paulista Júlio de Mesquita Filho (2014). Mestre em Ciência, Gestão e Tecnologia da Informação pela Universidade Federal do Paraná. Graduado em Biblioteconomia e Documentação pela Pontifícia Universidade Católica do Paraná (2008). Têm experiência profissional no desenvolvimento de sistemas ambientado na Web e Banco de Dados. Implantou e coordena a Base de Dados de Periódicos em Ciência da Informação (BRAPCI) em conjunto com o do Grupo de Pesquisa Educação, Pesquisa e Perfil Profissional em Informação da UFPR (E3PI). Trabalha e coordena o núcleo de Gestão do Conhecimento na Pró-Reitoria de Pesquisa e Pós-Graduação da Pontifícia Universidade Católica do Paraná com a produção de indicadores de pesquisa. Participou do GT CONEP/SISNEP para concepção e desenvolvimento da Plataforma Brasil. Coordenador Adjunto do Comitê de Ética em Pesquisa da Pontifícia Universidade Católica do Paraná e consultor ad-hoc do Conselho Nacional de Ética em Pesquisa (CONEP). Tem experiência na área de Ciência da Informação, com ênfase em Biblioteconomia, atuando principalmente na geração de indicadores de produção, citação e ligação e organização do conhecimento." TEXTO-RESUMO-CV-RH-EN="bachelor's at Biblioteconomia e Documentação from Pontifícia Universidade Católica do Paraná (2008) and master's at Ciência, Gestão e Tecnologia da Informação from Universidade Federal do Paraná (2011). Has experience in Information Science, focusing on Biblioteconomy, acting on the following subjects: comunicação científica, brapci, ciência da informação, comitê de ética em pesquisa and epistemologia da ciência da informação."/><ENDERECO FLAG-DE-PREFERENCIA="ENDERECO_INSTITUCIONAL"><ENDERECO-PROFISSIONAL CODIGO-INSTITUICAO-EMPRESA="019200000005" NOME-INSTITUICAO-EMPRESA="Universidade Federal do Rio Grande do Sul" CODIGO-ORGAO="019219000000" NOME-ORGAO="Faculdade de Biblioteconomia e Comunicação" LOGRADOURO-COMPLEMENTO="Rua Ramiro Barcelos, 2705" PAIS="Brasil" UF="RS" CEP="90035007" CIDADE="Porto Alegre" BAIRRO="Santana" DDD="41" TELEFONE="988119061" E-MAIL="renefgj@gmail.com" HOME-PAGE="www.ufrgs.br/redd/rene"/></ENDERECO><FORMACAO-ACADEMICA-TITULACAO><GRADUACAO SEQUENCIA-FORMACAO="2" NIVEL="1" TITULO-DO-TRABALHO-DE-CONCLUSAO-DE-CURSO="AVALIAÇÃO E UTILIZAÇÃO DAS FONTES DE INFORMAÇÃO EM ARQUIVO ABERTO PELOS BIBLIOTECÁRIOS DE REFERÊNCIA DENTRO DAS UNIVERSIDADES DE CURITIBA/PR" NOME-DO-ORIENTADOR="Wilson Maske" CODIGO-INSTITUICAO="020700000008" NOME-INSTITUICAO="Pontifícia Universidade Católica do Paraná" CODIGO-CURSO="90000002" NOME-CURSO="Biblioteconomia e Documentação" CODIGO-AREA-CURSO="90000002" STATUS-DO-CURSO="CONCLUIDO" ANO-DE-INICIO="2005" ANO-DE-CONCLUSAO="2008" FLAG-BOLSA="NAO"/><MESTRADO SEQUENCIA-FORMACAO="6" NIVEL="3" CODIGO-INSTITUICAO="010300000003" NOME-INSTITUICAO="Universidade Federal do Paraná" CODIGO-CURSO="60055790" NOME-CURSO="Ciência, Gestão e Tecnologia da Informação" CODIGO-AREA-CURSO="99900009" STATUS-DO-CURSO="CONCLUIDO" ANO-DE-INICIO="2009" ANO-DE-CONCLUSAO="2011" FLAG-BOLSA="SIM" CODIGO-AGENCIA-FINANCIADORA="045000000000" NOME-AGENCIA="Coordenação de Aperfeiçoamento de Pessoal de Nível Superior" ANO-DE-OBTENCAO-DO-TITULO="2011" TITULO-DA-DISSERTACAO-TESE="SOCIALIZAÇÃO DOS SABERES DE DOMÍNIO: METODOLOGIA PARA DESENVOLVIMENTO DE UM REPERTÓRIO TEMÁTICO EM CIÊNCIA DA iNFORMAÇÃO" NOME-COMPLETO-DO-ORIENTADOR="Leilah Santiago Bufrem" NUMERO-ID-ORIENTADOR="1526528881898399" CODIGO-CURSO-CAPES="40001016058P1"><PALAVRAS-CHAVE PALAVRA-CHAVE-1="Recuperação de informação" PALAVRA-CHAVE-2="Tratamento temático de informação" PALAVRA-CHAVE-3="Base de dados"/><AREAS-DO-CONHECIMENTO><AREA-DO-CONHECIMENTO-1 NOME-GRANDE-AREA-DO-CONHECIMENTO="CIENCIAS_SOCIAIS_APLICADAS"/><AREA-DO-CONHECIMENTO-2 NOME-GRANDE-AREA-DO-CONHECIMENTO="CIENCIAS_EXATAS_E_DA_TERRA" NOME-DA-AREA-DO-CONHECIMENTO="Ciência da Computação"/></AREAS-DO-CONHECIMENTO><conceitoCapes/></MESTRADO><DOUTORADO SEQUENCIA-FORMACAO="7" NIVEL="4" CODIGO-INSTITUICAO="033000000007" NOME-INSTITUICAO="Universidade Estadual Paulista Júlio de Mesquita Filho" CODIGO-CURSO="60051787" NOME-CURSO="Ciência da Informação" CODIGO-AREA-CURSO="60700009" STATUS-DO-CURSO="CONCLUIDO" ANO-DE-INICIO="2011" ANO-DE-CONCLUSAO="2014" FLAG-BOLSA="NAO" ANO-DE-OBTENCAO-DO-TITULO="2014" TITULO-DA-DISSERTACAO-TESE="Indicadores bibliométricos para área de Ciência da Informação no Brasil: proposta para geração de indicadores de produção e citação na base Brapci" NOME-COMPLETO-DO-ORIENTADOR="Ely Francina Tannuri de Oliveira" TIPO-DOUTORADO="N" NUMERO-ID-ORIENTADOR="8938252042140828" CODIGO-CURSO-CAPES="33004110043P4" NOME-CURSO-INGLES="Information Science"><PALAVRAS-CHAVE PALAVRA-CHAVE-1="Indicadores" PALAVRA-CHAVE-2="Produção Científica" PALAVRA-CHAVE-3="bibliometria"/><AREAS-DO-CONHECIMENTO><AREA-DO-CONHECIMENTO-1 NOME-GRANDE-AREA-DO-CONHECIMENTO="CIENCIAS_SOCIAIS_APLICADAS" NOME-DA-SUB-AREA-DO-CONHECIMENTO="Biblioteconomia" NOME-DA-ESPECIALIDADE="Métodos Quantitativos. Bibliometria"/></AREAS-DO-CONHECIMENTO><SETORES-DE-ATIVIDADE SETOR-DE-ATIVIDADE-1="Educação"/><conceitoCapes/></DOUTORADO><CURSO-TECNICO-PROFISSIONALIZANTE SEQUENCIA-FORMACAO="1" NIVEL="7" CODIGO-INSTITUICAO="000200000993" NOME-INSTITUICAO="Centro Federal de Educação Tecnológica do Paraná" CODIGO-CURSO="90000001" NOME-CURSO="Eletrônica" STATUS-DO-CURSO="CONCLUIDO" ANO-DE-INICIO="1984" ANO-DE-CONCLUSAO="1987" FLAG-BOLSA="NAO"/></FORMACAO-ACADEMICA-TITULACAO><ATUACOES-PROFISSIONAIS><ATUACAO-PROFISSIONAL CODIGO-INSTITUICAO="020700000008" NOME-INSTITUICAO="Pontifícia Universidade Católica do Paraná" SEQUENCIA-ATIVIDADE="1" SEQUENCIA-IMPORTANCIA="1"><VINCULOS SEQUENCIA-HISTORICO="1" TIPO-DE-VINCULO="OUTRO" ENQUADRAMENTO-FUNCIONAL="LIVRE" CARGA-HORARIA-SEMANAL="20" FLAG-DEDICACAO-EXCLUSIVA="NAO" MES-INICIO="06" ANO-INICIO="2006" MES-FIM="12" ANO-FIM="2007" FLAG-VINCULO-EMPREGATICIO="SIM" OUTRO-ENQUADRAMENTO-FUNCIONAL-INFORMADO="Estágiario"/><VINCULOS SEQUENCIA-HISTORICO="2" TIPO-DE-VINCULO="LIVRE" ENQUADRAMENTO-FUNCIONAL="LIVRE" CARGA-HORARIA-SEMANAL="44" FLAG-DEDICACAO-EXCLUSIVA="NAO" MES-INICIO="04" ANO-INICIO="2008" MES-FIM="06" ANO-FIM="2016" FLAG-VINCULO-EMPREGATICIO="NAO" OUTRO-VINCULO-INFORMADO="Celetista formal" OUTRO-ENQUADRAMENTO-FUNCIONAL-INFORMADO="Analista Desenvolvedor III"/><VINCULOS SEQUENCIA-HISTORICO="3" TIPO-DE-VINCULO="COLABORADOR" ENQUADRAMENTO-FUNCIONAL="LIVRE" CARGA-HORARIA-SEMANAL="2" FLAG-DEDICACAO-EXCLUSIVA="NAO" MES-INICIO="03" ANO-INICIO="2010" MES-FIM="12" ANO-FIM="2011" FLAG-VINCULO-EMPREGATICIO="SIM" OUTRO-ENQUADRAMENTO-FUNCIONAL-INFORMADO="Membro do Comitê de Ética em Pesquisa"/><VINCULOS SEQUENCIA-HISTORICO="4" TIPO-DE-VINCULO="COLABORADOR" ENQUADRAMENTO-FUNCIONAL="LIVRE" CARGA-HORARIA-SEMANAL="4" FLAG-DEDICACAO-EXCLUSIVA="NAO" MES-INICIO="01" ANO-INICIO="2012" MES-FIM="06" ANO-FIM="2016" FLAG-VINCULO-EMPREGATICIO="SIM" OUTRO-ENQUADRAMENTO-FUNCIONAL-INFORMADO="Coordenador Adjunto do CEP-PUCPR"/><ATIVIDADES-DE-PARTICIPACAO-EM-PROJETO><PARTICIPACAO-EM-PROJETO SEQUENCIA-FUNCAO-ATIVIDADE="2" FLAG-PERIODO="ATUAL" ANO-INICIO="2016" CODIGO-ORGAO="020702000994" NOME-ORGAO="Pró-Reitoria de Pesquisa e Pós-Graduação"><PROJETO-DE-PESQUISA SEQUENCIA-PROJETO="2" ANO-INICIO="2016" NOME-DO-PROJETO="Metodologia para incorporação dos modelos de Web Semântica e FRBR em bases de dados Bibliográficas" SITUACAO="EM_ANDAMENTO" NATUREZA="PESQUISA" NUMERO-DOUTORADO="1" DESCRICAO-DO-PROJETO="Estamos vivenciando grandes evoluções nas tecnologias da informação, o impacto dessa evolução está provocando significavas alterações nos processos de como a informação é tratada, recuperada e armazenada contesto das bibliotecas. O Functional Requirements for Authority Records (FRBR) e a Web Semântica (WS) são bons exemplos dessas inovações. O objetivo deste estudo é desenvolver uma metodologia para incorporação de modelos de WS e FRBR na Brapci. O desenho do estudo caracteriza-se por uma pesquisa descritiva e metodológica, constituído em duas vertentes, passíveis de serem desdobradas após a institucionalização e ampliação dos conhecimentos necessários às aplicações futuras do projeto. A primeira vertente é necessária para consolidação de um quadro referencial teórico, apropriando-se dos conceitos da WS e FRBR para concepção do modelo empírico a ser desenvolvido. A segunda vertente, relativa à aplicação prática, explicita-se na modelagem do protótipo baseado em estruturas semânticas de dados, de forma a subsidiar a obtenção de uma metodologia que integre repertórios hoje existentes em formatos nos vários formatos bibliográficos e validação dos modelos. Com essas características, acredita-se que serão proporcionadas melhores formas de apresentação dos acervos para os usuários e a possibilidade de criação de ?inferências? que contribuam para o refinamento das consultas. Os resultados obtidos na pesquisa irão auxiliar na construção de novos softwares para as bibliotecas com foco no usuário." NOME-DO-PROJETO-INGLES="Metodologia para incorporação dos modelos de Web Semântica e FRBR em bases de dados Bibliográficas" FLAG-POTENCIAL-INOVACAO="SIM" FLAG-PROJETO-CERTIFICADO="nao" FORMATO-DATA-CERTIFICACAO="DDMMAAAA"><EQUIPE-DO-PROJETO><INTEGRANTES-DO-PROJETO NOME-COMPLETO="Rene Faustino Gabriel Junior" NOME-PARA-CITACAO="GABRIEL JUNIOR, Rene Faustino;GABRIEL JUNIOR, R. F." ORDEM-DE-INTEGRACAO="1" FLAG-RESPONSAVEL="SIM" NRO-ID-CNPQ="5900345665779424"/></EQUIPE-DO-PROJETO></PROJETO-DE-PESQUISA></PARTICIPACAO-EM-PROJETO><PARTICIPACAO-EM-PROJETO SEQUENCIA-FUNCAO-ATIVIDADE="1" FLAG-PERIODO="ANTERIOR" ANO-INICIO="2008" ANO-FIM="2008" CODIGO-ORGAO="020701000990" NOME-ORGAO="CTCH - Campus Curitiba"><PROJETO-DE-PESQUISA SEQUENCIA-PROJETO="1" ANO-INICIO="2008" ANO-FIM="2008" NOME-DO-PROJETO="Avaliação e uso de fontes de informação em arquivos abertos por bibliotecários de referência" SITUACAO="EM_ANDAMENTO" NATUREZA="PESQUISA" NUMERO-GRADUACAO="1" NUMERO-ESPECIALIZACAO="1" NUMERO-MESTRADO-ACADEMICO="0" NUMERO-MESTRADO-PROF="0" NUMERO-DOUTORADO="0" DESCRICAO-DO-PROJETO="Investigar o uso e avaliação de fontes de informação em arquivos abertos pelos bibliotecários de referência como fonte de informação para seus pesquisadores dentro das universidades de Curitiba/PR" NOME-DO-PROJETO-INGLES="Avaliação e uso de fontes de informação em arquivos abertos por bibliotecários de referência" FLAG-POTENCIAL-INOVACAO="NAO" FLAG-PROJETO-CERTIFICADO="nao" FORMATO-DATA-CERTIFICACAO="DDMMAAAA"><EQUIPE-DO-PROJETO><INTEGRANTES-DO-PROJETO NOME-COMPLETO="Rene Faustino Gabriel Junior" NOME-PARA-CITACAO="GABRIEL JUNIOR, Rene Faustino;GABRIEL JUNIOR, R. F." ORDEM-DE-INTEGRACAO="1" FLAG-RESPONSAVEL="SIM" NRO-ID-CNPQ="5900345665779424"/></EQUIPE-DO-PROJETO><FINANCIADORES-DO-PROJETO><FINANCIADOR-DO-PROJETO SEQUENCIA-FINANCIADOR="1" NATUREZA="NAO_INFORMADO"/></FINANCIADORES-DO-PROJETO></PROJETO-DE-PESQUISA></PARTICIPACAO-EM-PROJETO></ATIVIDADES-DE-PARTICIPACAO-EM-PROJETO><atividadesProfissionaisPlanificadas/></ATUACAO-PROFISSIONAL><ATUACAO-PROFISSIONAL CODIGO-INSTITUICAO="019200000005" NOME-INSTITUICAO="Universidade Federal do Rio Grande do Sul" SEQUENCIA-ATIVIDADE="2" SEQUENCIA-IMPORTANCIA="2"><VINCULOS SEQUENCIA-HISTORICO="1" TIPO-DE-VINCULO="SERVIDOR_PUBLICO" ENQUADRAMENTO-FUNCIONAL="LIVRE" CARGA-HORARIA-SEMANAL="40" FLAG-DEDICACAO-EXCLUSIVA="SIM" MES-INICIO="07" ANO-INICIO="2016" FLAG-VINCULO-EMPREGATICIO="NAO" OUTRO-ENQUADRAMENTO-FUNCIONAL-INFORMADO="Professor Adjunto"/><atividadesProfissionaisPlanificadas/></ATUACAO-PROFISSIONAL></ATUACOES-PROFISSIONAIS><AREAS-DE-ATUACAO><AREA-DE-ATUACAO SEQUENCIA-AREA-DE-ATUACAO="1" NOME-GRANDE-AREA-DO-CONHECIMENTO="CIENCIAS_SOCIAIS_APLICADAS" NOME-DA-AREA-DO-CONHECIMENTO="Ciência da Informação" NOME-DA-SUB-AREA-DO-CONHECIMENTO="Biblioteconomia"/><AREA-DE-ATUACAO SEQUENCIA-AREA-DE-ATUACAO="2" NOME-GRANDE-AREA-DO-CONHECIMENTO="CIENCIAS_SOCIAIS_APLICADAS" NOME-DA-AREA-DO-CONHECIMENTO="Ciência da Informação" NOME-DA-SUB-AREA-DO-CONHECIMENTO="Teoria da Informação"/><AREA-DE-ATUACAO SEQUENCIA-AREA-DE-ATUACAO="3" NOME-GRANDE-AREA-DO-CONHECIMENTO="CIENCIAS_EXATAS_E_DA_TERRA" NOME-DA-AREA-DO-CONHECIMENTO="Ciência da Computação" NOME-DA-SUB-AREA-DO-CONHECIMENTO="Sistemas de Computação" NOME-DA-ESPECIALIDADE="Hardware"/><AREA-DE-ATUACAO SEQUENCIA-AREA-DE-ATUACAO="4" NOME-GRANDE-AREA-DO-CONHECIMENTO="CIENCIAS_EXATAS_E_DA_TERRA" NOME-DA-AREA-DO-CONHECIMENTO="Ciência da Computação" NOME-DA-SUB-AREA-DO-CONHECIMENTO="Metodologia e Técnicas da Computação" NOME-DA-ESPECIALIDADE="Banco de Dados"/><AREA-DE-ATUACAO SEQUENCIA-AREA-DE-ATUACAO="5" NOME-GRANDE-AREA-DO-CONHECIMENTO="CIENCIAS_EXATAS_E_DA_TERRA" NOME-DA-AREA-DO-CONHECIMENTO="Ciência da Computação" NOME-DA-SUB-AREA-DO-CONHECIMENTO="Metodologia e Técnicas da Computação" NOME-DA-ESPECIALIDADE="Linguagens de Programação"/><AREA-DE-ATUACAO SEQUENCIA-AREA-DE-ATUACAO="6" NOME-GRANDE-AREA-DO-CONHECIMENTO="CIENCIAS_SOCIAIS_APLICADAS" NOME-DA-AREA-DO-CONHECIMENTO="Ciência da Informação" NOME-DA-SUB-AREA-DO-CONHECIMENTO="Biblioteconomia" NOME-DA-ESPECIALIDADE="Técnicas de Recuperação de Informação"/></AREAS-DE-ATUACAO><IDIOMAS><IDIOMA IDIOMA="EN" DESCRICAO-DO-IDIOMA="Inglês" PROFICIENCIA-DE-LEITURA="BEM" PROFICIENCIA-DE-FALA="RAZOAVELMENTE" PROFICIENCIA-DE-ESCRITA="RAZOAVELMENTE" PROFICIENCIA-DE-COMPREENSAO="RAZOAVELMENTE"/><IDIOMA IDIOMA="ES" DESCRICAO-DO-IDIOMA="Espanhol" PROFICIENCIA-DE-LEITURA="BEM" PROFICIENCIA-DE-FALA="NAO_INFORMADO" PROFICIENCIA-DE-ESCRITA="NAO_INFORMADO" PROFICIENCIA-DE-COMPREENSAO="NAO_INFORMADO"/></IDIOMAS><PREMIOS-TITULOS><PREMIO-TITULO NOME-DO-PREMIO-OU-TITULO="Prêmio Marcelino Champagnat" NOME-DA-ENTIDADE-PROMOTORA="Pontifícia Universidade Católica do Paraná" ANO-DA-PREMIACAO="2008"/><PREMIO-TITULO NOME-DO-PREMIO-OU-TITULO="Quatro melhores trabalhos da I ISKO Brasil" NOME-DA-ENTIDADE-PROMOTORA="ISKO Brasil" ANO-DA-PREMIACAO="2011"/></PREMIOS-TITULOS><staValidado/><dataExibicao/><dadosBolsista/></DADOS-GERAIS><PRODUCAO-BIBLIOGRAFICA><TRABALHOS-EM-EVENTOS><TRABALHO-EM-EVENTOS SEQUENCIA-PRODUCAO="29"><DADOS-BASICOS-DO-TRABALHO NATUREZA="RESUMO" TITULO-DO-TRABALHO="RELAÇÕES TEMÁTICAS E DE AUTORIAS EM ESTUDOS MÉTRICOS DA INFORMAÇÃO REPRESENTADOS NA BRAPCI" ANO-DO-TRABALHO="2011" PAIS-DO-EVENTO="Brasil" IDIOMA="Português" MEIO-DE-DIVULGACAO="VARIOS" HOME-PAGE-DO-TRABALHO="[http://enancib.ibict.br/index.php/xii/enancibXII/paper/view/1037]" FLAG-RELEVANCIA="NAO" FLAG-DIVULGACAO-CIENTIFICA="NAO"/><DETALHAMENTO-DO-TRABALHO CLASSIFICACAO-DO-EVENTO="NACIONAL" NOME-DO-EVENTO="Enancib" CIDADE-DO-EVENTO="Brasília" ANO-DE-REALIZACAO="2011" TITULO-DOS-ANAIS-OU-PROCEEDINGS="ENANCIB - Encontro Nacional de Pesquisa em Ciência da Informação, XII ENANCIB: POLÍTICAS DE INFORMAÇÃO PARA A SOCIEDADE"/><AUTORES NOME-COMPLETO-DO-AUTOR="Rene Faustino Gabriel Junior" NOME-PARA-CITACAO="GABRIEL JUNIOR, R. F." ORDEM-DE-AUTORIA="1"/><AUTORES NOME-COMPLETO-DO-AUTOR="Juliana Lazzarotto Freitas" NOME-PARA-CITACAO="FREITAS, J. L." ORDEM-DE-AUTORIA="2"/><AUTORES NOME-COMPLETO-DO-AUTOR="Leilah Santiago Bufrem" NOME-PARA-CITACAO="BUFREM, L. S." ORDEM-DE-AUTORIA="3"/><PALAVRAS-CHAVE PALAVRA-CHAVE-1="bibliometria" PALAVRA-CHAVE-2="Produção Científica" PALAVRA-CHAVE-3="Brapci"/><AREAS-DO-CONHECIMENTO><AREA-DO-CONHECIMENTO-1 NOME-GRANDE-AREA-DO-CONHECIMENTO="CIENCIAS_SOCIAIS_APLICADAS"/></AREAS-DO-CONHECIMENTO></TRABALHO-EM-EVENTOS><TRABALHO-EM-EVENTOS SEQUENCIA-PRODUCAO="30"><DADOS-BASICOS-DO-TRABALHO NATUREZA="RESUMO_EXPANDIDO" TITULO-DO-TRABALHO="Fontes de informações que fundamentam os artigos publicados nas revistas de ciência da informação no Brasil em quatro décadas" ANO-DO-TRABALHO="2012" PAIS-DO-EVENTO="Brasil" IDIOMA="Português" MEIO-DE-DIVULGACAO="MEIO_DIGITAL" HOME-PAGE-DO-TRABALHO="[http://www.ufrgs.br/ebbc2012/conteudo-do-menu-1/trabalhos-aceitos]" FLAG-RELEVANCIA="NAO" FLAG-DIVULGACAO-CIENTIFICA="NAO"/><DETALHAMENTO-DO-TRABALHO CLASSIFICACAO-DO-EVENTO="NACIONAL" NOME-DO-EVENTO="Encontro Brasileiro de Bibliometria e Cientometria, 3" CIDADE-DO-EVENTO="Gramado, RS" ANO-DE-REALIZACAO="2012" TITULO-DOS-ANAIS-OU-PROCEEDINGS="Fontes de informações que fundamentam os artigos publicados nas revistas de ciência da informação no Brasil em quatro décadas"/><AUTORES NOME-COMPLETO-DO-AUTOR="Rene Faustino Gabriel Junior" NOME-PARA-CITACAO="GABRIEL JUNIOR, R. F." ORDEM-DE-AUTORIA="1"/><PALAVRAS-CHAVE PALAVRA-CHAVE-1="Ciência da Informação" PALAVRA-CHAVE-2="bibliometria"/></TRABALHO-EM-EVENTOS><TRABALHO-EM-EVENTOS SEQUENCIA-PRODUCAO="31"><DADOS-BASICOS-DO-TRABALHO NATUREZA="COMPLETO" TITULO-DO-TRABALHO="ESTUDO DOS INDICADORES NACIONAIS A PARTIR DA BASE BRAPCI: UMA ANÁLISE COMPARATIVA COM OS INDICADORES DAS BASES INTERNACIONAIS" ANO-DO-TRABALHO="2012" PAIS-DO-EVENTO="Brasil" IDIOMA="Português" MEIO-DE-DIVULGACAO="MEIO_DIGITAL" HOME-PAGE-DO-TRABALHO="[http://www.eventosecongressos.com.br/metodo/enancib2012/arearestrita/pdfs/19259.pdf]" FLAG-RELEVANCIA="NAO" FLAG-DIVULGACAO-CIENTIFICA="NAO"/><DETALHAMENTO-DO-TRABALHO CLASSIFICACAO-DO-EVENTO="NACIONAL" NOME-DO-EVENTO="XIII ENANCIB" CIDADE-DO-EVENTO="Rio de Janeiro" ANO-DE-REALIZACAO="2012" TITULO-DOS-ANAIS-OU-PROCEEDINGS="XIII ENANCIB" VOLUME="13" FASCICULO="1" NOME-DA-EDITORA="ANCIB"/><AUTORES NOME-COMPLETO-DO-AUTOR="Rene Faustino Gabriel Junior" NOME-PARA-CITACAO="GABRIEL JUNIOR, Rene Faustino" ORDEM-DE-AUTORIA="1"/><AUTORES NOME-COMPLETO-DO-AUTOR="Ely Francina Tannuri de Oliveira" NOME-PARA-CITACAO="OLIVEIRA, E. F. T." ORDEM-DE-AUTORIA="2" NRO-ID-CNPQ="8938252042140828"/><PALAVRAS-CHAVE PALAVRA-CHAVE-1="indicadores de impacto" PALAVRA-CHAVE-2="indicadores de citação" PALAVRA-CHAVE-3="base BRAPCI" PALAVRA-CHAVE-4="bases internacionais"/><AREAS-DO-CONHECIMENTO><AREA-DO-CONHECIMENTO-1 NOME-GRANDE-AREA-DO-CONHECIMENTO="CIENCIAS_SOCIAIS_APLICADAS"/></AREAS-DO-CONHECIMENTO></TRABALHO-EM-EVENTOS><TRABALHO-EM-EVENTOS SEQUENCIA-PRODUCAO="32"><DADOS-BASICOS-DO-TRABALHO NATUREZA="COMPLETO" TITULO-DO-TRABALHO="ANÁLISE DA COLABORAÇÃO CIENTÍFICA NOS PROGRAMAS DE PÓS-GRADUAÇÃO EM CIÊNCIA DA INFORMAÇÃO COM ENFOQUE NAS COAUTORIAS" ANO-DO-TRABALHO="2013" PAIS-DO-EVENTO="Brasil" IDIOMA="Português" MEIO-DE-DIVULGACAO="NAO_INFORMADO" HOME-PAGE-DO-TRABALHO="[http://enancib.sites.ufsc.br/index.php/enancib2013/XIVenancib]" FLAG-RELEVANCIA="NAO" FLAG-DIVULGACAO-CIENTIFICA="NAO"/><DETALHAMENTO-DO-TRABALHO CLASSIFICACAO-DO-EVENTO="NACIONAL" NOME-DO-EVENTO="XIV ENANCIB" CIDADE-DO-EVENTO="Florianópolis" ANO-DE-REALIZACAO="2013" TITULO-DOS-ANAIS-OU-PROCEEDINGS="XIV ENANCIB" VOLUME="14" FASCICULO="1" NOME-DA-EDITORA="ANCIB"/><AUTORES NOME-COMPLETO-DO-AUTOR="Rene Faustino Gabriel Junior" NOME-PARA-CITACAO="GABRIEL JUNIOR, Rene Faustino" ORDEM-DE-AUTORIA="1"/><AUTORES NOME-COMPLETO-DO-AUTOR="Ely Francina Tannuri de Oliveira" NOME-PARA-CITACAO="OLIVEIRA, E. F. T." ORDEM-DE-AUTORIA="2" NRO-ID-CNPQ="8938252042140828"/><PALAVRAS-CHAVE PALAVRA-CHAVE-1="Produção Científica" PALAVRA-CHAVE-2="Redes sociais" PALAVRA-CHAVE-3="Rede de coautorias"/><AREAS-DO-CONHECIMENTO><AREA-DO-CONHECIMENTO-1 NOME-GRANDE-AREA-DO-CONHECIMENTO="CIENCIAS_SOCIAIS_APLICADAS"/></AREAS-DO-CONHECIMENTO></TRABALHO-EM-EVENTOS><TRABALHO-EM-EVENTOS SEQUENCIA-PRODUCAO="36"><DADOS-BASICOS-DO-TRABALHO NATUREZA="RESUMO_EXPANDIDO" TITULO-DO-TRABALHO="Aproximação da bibliometria e recuperação da informação na Brapci" ANO-DO-TRABALHO="2014" PAIS-DO-EVENTO="Brasil" IDIOMA="Português" MEIO-DE-DIVULGACAO="MEIO_DIGITAL" HOME-PAGE-DO-TRABALHO="[http://www.brapci.inf.br/ebbc/article.php?dd0=14457&amp;amp;dd90=2b63ab8641]" FLAG-RELEVANCIA="NAO" FLAG-DIVULGACAO-CIENTIFICA="NAO"/><DETALHAMENTO-DO-TRABALHO CLASSIFICACAO-DO-EVENTO="NACIONAL" NOME-DO-EVENTO="Encontro Brasileiro de Biblioteconomia e Cientometria (EBBC)" CIDADE-DO-EVENTO="Recife" ANO-DE-REALIZACAO="2014" TITULO-DOS-ANAIS-OU-PROCEEDINGS="Aproximação da bibliometria e recuperação da informação na Brapci" VOLUME="4"/><AUTORES NOME-COMPLETO-DO-AUTOR="Rene Faustino Gabriel Junior" NOME-PARA-CITACAO="GABRIEL JUNIOR, Rene Faustino" ORDEM-DE-AUTORIA="1"/><PALAVRAS-CHAVE PALAVRA-CHAVE-1="bibliometria" PALAVRA-CHAVE-2="Recuperação de informação" PALAVRA-CHAVE-3="Brapci"/><AREAS-DO-CONHECIMENTO><AREA-DO-CONHECIMENTO-1 NOME-GRANDE-AREA-DO-CONHECIMENTO="CIENCIAS_SOCIAIS_APLICADAS"/></AREAS-DO-CONHECIMENTO></TRABALHO-EM-EVENTOS><TRABALHO-EM-EVENTOS SEQUENCIA-PRODUCAO="40"><DADOS-BASICOS-DO-TRABALHO NATUREZA="COMPLETO" TITULO-DO-TRABALHO="Produção científica sobre estudos métrico: configurações temáticas e de autoria (1972-2013)" ANO-DO-TRABALHO="2014" PAIS-DO-EVENTO="Brasil" IDIOMA="Português" MEIO-DE-DIVULGACAO="MEIO_DIGITAL" HOME-PAGE-DO-TRABALHO="[http://enancib2014.eci.ufmg.br/documentos/anais/anais-gt7]" FLAG-RELEVANCIA="NAO" FLAG-DIVULGACAO-CIENTIFICA="NAO"/><DETALHAMENTO-DO-TRABALHO CLASSIFICACAO-DO-EVENTO="NACIONAL" NOME-DO-EVENTO="XV ENANCIB" CIDADE-DO-EVENTO="Belo Horizonte" ANO-DE-REALIZACAO="2014" TITULO-DOS-ANAIS-OU-PROCEEDINGS="XV ENANCIB" VOLUME="15" FASCICULO="1" PAGINA-INICIAL="3409" PAGINA-FINAL="3421" NOME-DA-EDITORA="Ancib"/><AUTORES NOME-COMPLETO-DO-AUTOR="Leilah Santiago Bufrem" NOME-PARA-CITACAO="BUFREM, L. S." ORDEM-DE-AUTORIA="1"/><AUTORES NOME-COMPLETO-DO-AUTOR="Juliana Lazzarotto Freitas" NOME-PARA-CITACAO="FREITAS, J. L." ORDEM-DE-AUTORIA="2"/><AUTORES NOME-COMPLETO-DO-AUTOR="Rene Faustino Gabriel Junior" NOME-PARA-CITACAO="GABRIEL JUNIOR, Rene Faustino" ORDEM-DE-AUTORIA="3"/><PALAVRAS-CHAVE PALAVRA-CHAVE-1="Pesquisa em estudos métricos" PALAVRA-CHAVE-2="Relações de autoria" PALAVRA-CHAVE-3="Relações temáticas" PALAVRA-CHAVE-4="Produção Científica"/><AREAS-DO-CONHECIMENTO><AREA-DO-CONHECIMENTO-1 NOME-GRANDE-AREA-DO-CONHECIMENTO="CIENCIAS_SOCIAIS_APLICADAS"/></AREAS-DO-CONHECIMENTO></TRABALHO-EM-EVENTOS><TRABALHO-EM-EVENTOS SEQUENCIA-PRODUCAO="44"><DADOS-BASICOS-DO-TRABALHO NATUREZA="RESUMO_EXPANDIDO" TITULO-DO-TRABALHO="Metodologia para uso do ISSN-L como ligação entre bases de dados qualificadoras" ANO-DO-TRABALHO="2016" PAIS-DO-EVENTO="Brasil" IDIOMA="Português" MEIO-DE-DIVULGACAO="MEIO_DIGITAL" HOME-PAGE-DO-TRABALHO="[http://www.ebbc.inf.br/ebbc5/index.php/main/download/1]" FLAG-RELEVANCIA="NAO" FLAG-DIVULGACAO-CIENTIFICA="NAO"/><DETALHAMENTO-DO-TRABALHO CLASSIFICACAO-DO-EVENTO="NACIONAL" NOME-DO-EVENTO="Encontro Brasileiro de Bibliometria e Cientometria" CIDADE-DO-EVENTO="São Paulo" ANO-DE-REALIZACAO="2016" TITULO-DOS-ANAIS-OU-PROCEEDINGS="5º EBBC" VOLUME="5" PAGINA-INICIAL="A01" CIDADE-DA-EDITORA="São Paulo"/><AUTORES NOME-COMPLETO-DO-AUTOR="Rene Faustino Gabriel Junior" NOME-PARA-CITACAO="GABRIEL JUNIOR, Rene Faustino" ORDEM-DE-AUTORIA="1"/><PALAVRAS-CHAVE PALAVRA-CHAVE-1="ISSN-L" PALAVRA-CHAVE-2="bibliometria" PALAVRA-CHAVE-3="Periódico científico"/><AREAS-DO-CONHECIMENTO><AREA-DO-CONHECIMENTO-1 NOME-GRANDE-AREA-DO-CONHECIMENTO="CIENCIAS_SOCIAIS_APLICADAS"/></AREAS-DO-CONHECIMENTO></TRABALHO-EM-EVENTOS><TRABALHO-EM-EVENTOS SEQUENCIA-PRODUCAO="47"><DADOS-BASICOS-DO-TRABALHO NATUREZA="RESUMO_EXPANDIDO" TITULO-DO-TRABALHO="O modelo científico no domínio de organização do conhecimento: um estudo a partir dos trabalhos apresentados nos congressos internacionais da ISKO" ANO-DO-TRABALHO="2015" PAIS-DO-EVENTO="Brasil" IDIOMA="Português" MEIO-DE-DIVULGACAO="NAO_INFORMADO" HOME-PAGE-DO-TRABALHO="[http://www.iskoiberico.org/congresos/murcia-2015/]" FLAG-RELEVANCIA="NAO" TITULO-DO-TRABALHO-INGLES="Scientific model in knowledge organization domain: a study from the papers presented at ISKO's international congresses" FLAG-DIVULGACAO-CIENTIFICA="NAO"/><DETALHAMENTO-DO-TRABALHO CLASSIFICACAO-DO-EVENTO="INTERNACIONAL" NOME-DO-EVENTO="Congreso ISKO-España" CIDADE-DO-EVENTO="Murcia" ANO-DE-REALIZACAO="2015" TITULO-DOS-ANAIS-OU-PROCEEDINGS="ISKO Murcia" VOLUME="12" PAGINA-INICIAL="16" PAGINA-FINAL="23"/><AUTORES NOME-COMPLETO-DO-AUTOR="Aline Elis Arboit" NOME-PARA-CITACAO="Aline Elis Arboit" ORDEM-DE-AUTORIA="1"/><AUTORES NOME-COMPLETO-DO-AUTOR="Ely Francina Tannuri de Oliveira" NOME-PARA-CITACAO="OLIVEIRA, E. F. T." ORDEM-DE-AUTORIA="2" NRO-ID-CNPQ="8938252042140828"/><AUTORES NOME-COMPLETO-DO-AUTOR="Leilah Santiago Bufrem" NOME-PARA-CITACAO="BUFREM, Leilah Santiago" ORDEM-DE-AUTORIA="3" NRO-ID-CNPQ="1526528881898399"/><AUTORES NOME-COMPLETO-DO-AUTOR="Rene Faustino Gabriel Junior" NOME-PARA-CITACAO="GABRIEL JUNIOR, Rene Faustino" ORDEM-DE-AUTORIA="4"/><PALAVRAS-CHAVE PALAVRA-CHAVE-1="Conceito de Modelo" PALAVRA-CHAVE-2="Modelos em OC" PALAVRA-CHAVE-3="Produção científica em OC"/><AREAS-DO-CONHECIMENTO><AREA-DO-CONHECIMENTO-1 NOME-GRANDE-AREA-DO-CONHECIMENTO="CIENCIAS_SOCIAIS_APLICADAS"/></AREAS-DO-CONHECIMENTO></TRABALHO-EM-EVENTOS><TRABALHO-EM-EVENTOS SEQUENCIA-PRODUCAO="48"><DADOS-BASICOS-DO-TRABALHO NATUREZA="COMPLETO" TITULO-DO-TRABALHO="UTILIZAÇÃO DA WEB SEMANTICA E RDF EM ESTUDOS MÉTRICOS DA INFORMAÇÃO: aplicação na base Brapci" ANO-DO-TRABALHO="2016" PAIS-DO-EVENTO="Brasil" IDIOMA="Português" MEIO-DE-DIVULGACAO="MEIO_DIGITAL" HOME-PAGE-DO-TRABALHO="[http://www.ufpb.br/evento/lti/ocs/index.php/enancib2016/enancib2016/paper/view/4134]" FLAG-RELEVANCIA="NAO" TITULO-DO-TRABALHO-INGLES="USE OF THE SEMANTIC WEB AND RDF IN THE INFORMATION METRIC STUDIES: APPLICATION IN BRAPCI" FLAG-DIVULGACAO-CIENTIFICA="NAO"/><DETALHAMENTO-DO-TRABALHO CLASSIFICACAO-DO-EVENTO="NACIONAL" NOME-DO-EVENTO="XVII ENANCIB" CIDADE-DO-EVENTO="Salvador" ANO-DE-REALIZACAO="2016" TITULO-DOS-ANAIS-OU-PROCEEDINGS="ENANCIB" VOLUME="17" ISBN="2177-3688" NOME-DA-EDITORA="ANCIB"/><AUTORES NOME-COMPLETO-DO-AUTOR="Rene Faustino Gabriel Junior" NOME-PARA-CITACAO="GABRIEL JUNIOR, Rene Faustino" ORDEM-DE-AUTORIA="1"/><PALAVRAS-CHAVE PALAVRA-CHAVE-1="Web Semântica" PALAVRA-CHAVE-2="Resource Description Framework" PALAVRA-CHAVE-3="Bases de dados" PALAVRA-CHAVE-4="Metrias da informação e Comunicação" PALAVRA-CHAVE-5="bibliometria"/><AREAS-DO-CONHECIMENTO><AREA-DO-CONHECIMENTO-1 NOME-GRANDE-AREA-DO-CONHECIMENTO="CIENCIAS_SOCIAIS_APLICADAS"/></AREAS-DO-CONHECIMENTO></TRABALHO-EM-EVENTOS><TRABALHO-EM-EVENTOS SEQUENCIA-PRODUCAO="22"><DADOS-BASICOS-DO-TRABALHO NATUREZA="COMPLETO" TITULO-DO-TRABALHO="A produção científica brasileira em periódicos da área de Ciência da Informação no período de 2006 a 209: uma análise bibliométrica" ANO-DO-TRABALHO="2011" PAIS-DO-EVENTO="Brasil" IDIOMA="Português" MEIO-DE-DIVULGACAO="IMPRESSO" HOME-PAGE-DO-TRABALHO="[http://www.unex.es/eweb/edicic2011/]" FLAG-RELEVANCIA="SIM" TITULO-DO-TRABALHO-INGLES="Brazilian scientific production in information science periodicals from 2006 to 2009: a bibliometric analysis" FLAG-DIVULGACAO-CIENTIFICA="NAO"/><DETALHAMENTO-DO-TRABALHO CLASSIFICACAO-DO-EVENTO="INTERNACIONAL" NOME-DO-EVENTO="V Encuentro Ibérico EDICIC 2011" CIDADE-DO-EVENTO="Badajoz" ANO-DE-REALIZACAO="2011" TITULO-DOS-ANAIS-OU-PROCEEDINGS="Limites, fronteras y espacios comunes: encuentros y desencuentros en las Ciencias de la Información" VOLUME="5" PAGINA-INICIAL="267" PAGINA-FINAL="277" ISBN="9788499780214" NOME-DA-EDITORA="Editorial Abecedario" CIDADE-DA-EDITORA="Badajoz"/><AUTORES NOME-COMPLETO-DO-AUTOR="Rene Faustino Gabriel Junior" NOME-PARA-CITACAO="GABRIEL JUNIOR, R. F." ORDEM-DE-AUTORIA="1"/><AUTORES NOME-COMPLETO-DO-AUTOR="Bruno Henrique Alves" NOME-PARA-CITACAO="ALVES, B. H." ORDEM-DE-AUTORIA="2"/><AUTORES NOME-COMPLETO-DO-AUTOR="Ely Francina Tannuri de Oliveira" NOME-PARA-CITACAO="OLIVEIRA, E. F. T." ORDEM-DE-AUTORIA="3" NRO-ID-CNPQ="8938252042140828"/><PALAVRAS-CHAVE PALAVRA-CHAVE-1="Avaliação da produção científica" PALAVRA-CHAVE-2="Rede de coautorias" PALAVRA-CHAVE-3="Brapci"/><AREAS-DO-CONHECIMENTO><AREA-DO-CONHECIMENTO-1 NOME-GRANDE-AREA-DO-CONHECIMENTO="CIENCIAS_SOCIAIS_APLICADAS"/><AREA-DO-CONHECIMENTO-2 NOME-GRANDE-AREA-DO-CONHECIMENTO="CIENCIAS_SOCIAIS_APLICADAS" NOME-DA-AREA-DO-CONHECIMENTO="Ciência da Informação" NOME-DA-SUB-AREA-DO-CONHECIMENTO="Biblioteconomia" NOME-DA-ESPECIALIDADE="Métodos Quantitativos. Bibliometria"/></AREAS-DO-CONHECIMENTO><SETORES-DE-ATIVIDADE SETOR-DE-ATIVIDADE-1="Informação e comunicação"/></TRABALHO-EM-EVENTOS></TRABALHOS-EM-EVENTOS><ARTIGOS-PUBLICADOS><ARTIGO-PUBLICADO SEQUENCIA-PRODUCAO="26"><DADOS-BASICOS-DO-ARTIGO NATUREZA="COMPLETO" TITULO-DO-ARTIGO="Theoretical Approximations Between Brazilian and Spanish Authors? Production in the Field of Knowledge Organization in the Production of Journals on Information Science in Brazil" ANO-DO-ARTIGO="2012" IDIOMA="Português" MEIO-DE-DIVULGACAO="VARIOS" FLAG-RELEVANCIA="SIM" TITULO-DO-ARTIGO-INGLES="Theoretical Approximations Between Brazilian and Spanish Authors? Production in the Field of Knowledge Organization in the Production of Journals on Information Science in Brazil" FLAG-DIVULGACAO-CIENTIFICA="NAO"/><DETALHAMENTO-DO-ARTIGO TITULO-DO-PERIODICO-OU-REVISTA="Knowledge Organization" ISSN="09437444" VOLUME="39" SERIE="3" PAGINA-INICIAL="218" PAGINA-FINAL="223"/><AUTORES NOME-COMPLETO-DO-AUTOR="Juliana Lazzarotto Freitas" NOME-PARA-CITACAO="FREITAS, J. L." ORDEM-DE-AUTORIA="1"/><AUTORES NOME-COMPLETO-DO-AUTOR="Rene Faustino Gabriel Junior" NOME-PARA-CITACAO="GABRIEL JUNIOR, R. F." ORDEM-DE-AUTORIA="2"/><AUTORES NOME-COMPLETO-DO-AUTOR="Leilah Santiago Bufrem" NOME-PARA-CITACAO="BUFREM, Leilah Santiago" ORDEM-DE-AUTORIA="3" NRO-ID-CNPQ="1526528881898399"/><PALAVRAS-CHAVE PALAVRA-CHAVE-1="Ciência da Informação" PALAVRA-CHAVE-2="bibliometria" PALAVRA-CHAVE-3="Production of Journals"/><AREAS-DO-CONHECIMENTO><AREA-DO-CONHECIMENTO-1 NOME-GRANDE-AREA-DO-CONHECIMENTO="CIENCIAS_SOCIAIS_APLICADAS"/><AREA-DO-CONHECIMENTO-2 NOME-GRANDE-AREA-DO-CONHECIMENTO="CIENCIAS_SOCIAIS_APLICADAS" NOME-DA-AREA-DO-CONHECIMENTO="Ciência da Informação" NOME-DA-SUB-AREA-DO-CONHECIMENTO="Biblioteconomia"/></AREAS-DO-CONHECIMENTO><SETORES-DE-ATIVIDADE SETOR-DE-ATIVIDADE-1="Informação e comunicação"/></ARTIGO-PUBLICADO><ARTIGO-PUBLICADO SEQUENCIA-PRODUCAO="19"><DADOS-BASICOS-DO-ARTIGO NATUREZA="COMPLETO" TITULO-DO-ARTIGO="Redes sociais na pesquisa científica da área de ciência da informação" ANO-DO-ARTIGO="2011" IDIOMA="Português" MEIO-DE-DIVULGACAO="MEIO_DIGITAL" HOME-PAGE-DO-TRABALHO="[http://www.dgz.org.br/ago11/Art_01.htm]" FLAG-RELEVANCIA="SIM" TITULO-DO-ARTIGO-INGLES="Social networks in scientific research in the field of information science" FLAG-DIVULGACAO-CIENTIFICA="NAO"/><DETALHAMENTO-DO-ARTIGO TITULO-DO-PERIODICO-OU-REVISTA="Datagramazero (Rio de Janeiro)" ISSN="15173801" VOLUME="12" SERIE="3" PAGINA-INICIAL="1"/><AUTORES NOME-COMPLETO-DO-AUTOR="Leilah Santiago Bufrem" NOME-PARA-CITACAO="BUFREM, Leilah Santiago" ORDEM-DE-AUTORIA="1" NRO-ID-CNPQ="1526528881898399"/><AUTORES NOME-COMPLETO-DO-AUTOR="Rene Faustino Gabriel Junior" NOME-PARA-CITACAO="GABRIEL JUNIOR, R. F." ORDEM-DE-AUTORIA="2"/><AUTORES NOME-COMPLETO-DO-AUTOR="SORRIBA, Tidra Viana" NOME-PARA-CITACAO="SORRIBA, Tidra Viana" ORDEM-DE-AUTORIA="3"/><PALAVRAS-CHAVE PALAVRA-CHAVE-1="Redes sociais" PALAVRA-CHAVE-2="bibliometria" PALAVRA-CHAVE-3="Colaboração científica"/><AREAS-DO-CONHECIMENTO><AREA-DO-CONHECIMENTO-1 NOME-GRANDE-AREA-DO-CONHECIMENTO="CIENCIAS_SOCIAIS_APLICADAS"/></AREAS-DO-CONHECIMENTO></ARTIGO-PUBLICADO><ARTIGO-PUBLICADO SEQUENCIA-PRODUCAO="25"><DADOS-BASICOS-DO-ARTIGO NATUREZA="COMPLETO" TITULO-DO-ARTIGO="A Apropriação do Conceito como Objeto na Literatura Periódica Científica em Ciência da Informação" ANO-DO-ARTIGO="2011" IDIOMA="Português" MEIO-DE-DIVULGACAO="MEIO_DIGITAL" HOME-PAGE-DO-TRABALHO="[http://www.uel.br/revistas/uel/index.php/informacao/article/view/10387]" FLAG-RELEVANCIA="SIM" TITULO-DO-ARTIGO-INGLES="Concept appropriation as an object in the scientific periodical literature in information science" FLAG-DIVULGACAO-CIENTIFICA="NAO"/><DETALHAMENTO-DO-ARTIGO TITULO-DO-PERIODICO-OU-REVISTA="Informação &amp;amp; informação (UEL. Online)" ISSN="19818920" VOLUME="16" SERIE="Esp;" PAGINA-INICIAL="52" PAGINA-FINAL="91"/><AUTORES NOME-COMPLETO-DO-AUTOR="Leilah Santiago Bufrem" NOME-PARA-CITACAO="BUFREM, Leilah Santiago" ORDEM-DE-AUTORIA="1" NRO-ID-CNPQ="1526528881898399"/><AUTORES NOME-COMPLETO-DO-AUTOR="Rene Faustino Gabriel Junior" NOME-PARA-CITACAO="GABRIEL JUNIOR, R. F." ORDEM-DE-AUTORIA="2"/><PALAVRAS-CHAVE PALAVRA-CHAVE-1="Conceito" PALAVRA-CHAVE-2="Teoria do Conceito" PALAVRA-CHAVE-3="Terminologia" PALAVRA-CHAVE-4="Modelo Conceitual"/><AREAS-DO-CONHECIMENTO><AREA-DO-CONHECIMENTO-1 NOME-GRANDE-AREA-DO-CONHECIMENTO="CIENCIAS_SOCIAIS_APLICADAS"/><AREA-DO-CONHECIMENTO-2 NOME-GRANDE-AREA-DO-CONHECIMENTO="CIENCIAS_SOCIAIS_APLICADAS" NOME-DA-AREA-DO-CONHECIMENTO="Ciência da Informação" NOME-DA-SUB-AREA-DO-CONHECIMENTO="Biblioteconomia"/></AREAS-DO-CONHECIMENTO><SETORES-DE-ATIVIDADE SETOR-DE-ATIVIDADE-1="Informação e comunicação"/></ARTIGO-PUBLICADO><ARTIGO-PUBLICADO SEQUENCIA-PRODUCAO="11"><DADOS-BASICOS-DO-ARTIGO NATUREZA="COMPLETO" TITULO-DO-ARTIGO="DEZ ANOS DE REVISTA DIÁLOGO EDUCACIONAL(2000-2009): histórico e evolução" ANO-DO-ARTIGO="2010" IDIOMA="Inglês" MEIO-DE-DIVULGACAO="MEIO_DIGITAL" FLAG-RELEVANCIA="NAO" DOI="10.7213/dialogo.educ.3428" TITULO-DO-ARTIGO-INGLES="DEZ ANOS DE REVISTA DIÁLOGO EDUCACIONAL(2000-2009): histórico e evolução" FLAG-DIVULGACAO-CIENTIFICA="NAO"/><DETALHAMENTO-DO-ARTIGO TITULO-DO-PERIODICO-OU-REVISTA="Revista Diálogo Educacional (PUCPR. Impresso)" ISSN="15183483" VOLUME="10" SERIE="228" PAGINA-INICIAL="123"/><AUTORES NOME-COMPLETO-DO-AUTOR="Leilah Santiago Bufrem" NOME-PARA-CITACAO="BUFREM, Leilah Santiago" ORDEM-DE-AUTORIA="1" NRO-ID-CNPQ="1526528881898399"/><AUTORES NOME-COMPLETO-DO-AUTOR="Rene Faustino Gabriel Junior" NOME-PARA-CITACAO="GABRIEL JUNIOR, R. F." ORDEM-DE-AUTORIA="2"/><AUTORES NOME-COMPLETO-DO-AUTOR="GONÇALVES, Viviane" NOME-PARA-CITACAO="GONÇALVES, V." ORDEM-DE-AUTORIA="3"/><PALAVRAS-CHAVE PALAVRA-CHAVE-1="Periódico científico" PALAVRA-CHAVE-2="Comunicação Científica" PALAVRA-CHAVE-3="Educação" PALAVRA-CHAVE-4="Biografia institucional"/><AREAS-DO-CONHECIMENTO><AREA-DO-CONHECIMENTO-1 NOME-GRANDE-AREA-DO-CONHECIMENTO="CIENCIAS_SOCIAIS_APLICADAS" NOME-DA-SUB-AREA-DO-CONHECIMENTO="Teoria da Informação" NOME-DA-ESPECIALIDADE="Processos da Comunicação"/></AREAS-DO-CONHECIMENTO><SETORES-DE-ATIVIDADE SETOR-DE-ATIVIDADE-1="Educação"/></ARTIGO-PUBLICADO><ARTIGO-PUBLICADO SEQUENCIA-PRODUCAO="14"><DADOS-BASICOS-DO-ARTIGO NATUREZA="COMPLETO" TITULO-DO-ARTIGO="Modelizando práticas para a socialização de informações: a construção de saberes no ensino superior" ANO-DO-ARTIGO="2010" IDIOMA="Inglês" MEIO-DE-DIVULGACAO="MEIO_DIGITAL" HOME-PAGE-DO-TRABALHO="[http://portaldeperiodicos.eci.ufmg.br/index.php/pci/article/view/1069]" FLAG-RELEVANCIA="NAO" DOI="10.1590/S1413-99362010000200003" TITULO-DO-ARTIGO-INGLES="Modelizando práticas para a socialização de informações: a construção de saberes no ensino superior" FLAG-DIVULGACAO-CIENTIFICA="NAO"/><DETALHAMENTO-DO-ARTIGO TITULO-DO-PERIODICO-OU-REVISTA="Perspectivas em Ciência da Informação (Impresso)" ISSN="14139936" VOLUME="15" SERIE="2" PAGINA-INICIAL="22" PAGINA-FINAL="41"/><AUTORES NOME-COMPLETO-DO-AUTOR="Leilah Santiago Bufrem" NOME-PARA-CITACAO="BUFREM, Leilah Santiago" ORDEM-DE-AUTORIA="1" NRO-ID-CNPQ="1526528881898399"/><AUTORES NOME-COMPLETO-DO-AUTOR="Francisco Daniel de Oliveira Costa" NOME-PARA-CITACAO="COSTA, F. D. O." ORDEM-DE-AUTORIA="2"/><AUTORES NOME-COMPLETO-DO-AUTOR="Rene Faustino Gabriel Junior" NOME-PARA-CITACAO="GABRIEL JUNIOR, R. F." ORDEM-DE-AUTORIA="3"/><AUTORES NOME-COMPLETO-DO-AUTOR="Jose Simao de Paula Pinto" NOME-PARA-CITACAO="Pinto, José Simão de Paula" ORDEM-DE-AUTORIA="4"/><PALAVRAS-CHAVE PALAVRA-CHAVE-1="Brapci" PALAVRA-CHAVE-2="Bases de dados" PALAVRA-CHAVE-3="Compartilhamento da informação" PALAVRA-CHAVE-4="Arquitetura da informação"/><AREAS-DO-CONHECIMENTO><AREA-DO-CONHECIMENTO-1 NOME-GRANDE-AREA-DO-CONHECIMENTO="CIENCIAS_SOCIAIS_APLICADAS"/><AREA-DO-CONHECIMENTO-2 NOME-GRANDE-AREA-DO-CONHECIMENTO="CIENCIAS_SOCIAIS_APLICADAS" NOME-DA-AREA-DO-CONHECIMENTO="Ciência da Informação" NOME-DA-SUB-AREA-DO-CONHECIMENTO="Biblioteconomia" NOME-DA-ESPECIALIDADE="Técnicas de Recuperação de Informação"/></AREAS-DO-CONHECIMENTO><SETORES-DE-ATIVIDADE SETOR-DE-ATIVIDADE-1="Educação"/><INFORMACOES-ADICIONAIS DESCRICAO-INFORMACOES-ADICIONAIS-INGLES="This paper proposes a methodology to create an integrated environment monitoring for the management and publishing of the Referential Data Base of Articles from Information Science Periodicals (Brapci). Defines and examines variables guiding the research and, through an  exploratory study and mapping of users demands, makes the accomplishment of a prototype for implementing the proposal. It describes the planning, construction, development and validation of the functional system using the Internet as a network application platform."/></ARTIGO-PUBLICADO><ARTIGO-PUBLICADO SEQUENCIA-PRODUCAO="15"><DADOS-BASICOS-DO-ARTIGO NATUREZA="COMPLETO" TITULO-DO-ARTIGO="Práticas de co-autoria no processo de comunicação científica na pós-graduação em Ciência da Informação no Brasil" ANO-DO-ARTIGO="2010" IDIOMA="Português" MEIO-DE-DIVULGACAO="MEIO_DIGITAL" HOME-PAGE-DO-TRABALHO="[http://www.uel.br/revistas/uel/index.php/informacao/article/viewArticle/5506]" FLAG-RELEVANCIA="NAO" TITULO-DO-ARTIGO-INGLES="Co-authorship practices in the scientific communication in postgraduate studies on Information Science in Brazil." FLAG-DIVULGACAO-CIENTIFICA="NAO"/><DETALHAMENTO-DO-ARTIGO TITULO-DO-PERIODICO-OU-REVISTA="Informação &amp;amp; informação (UEL. Online)" ISSN="19818920" VOLUME="15" SERIE="Esp." PAGINA-INICIAL="110" PAGINA-FINAL="129"/><AUTORES NOME-COMPLETO-DO-AUTOR="Leilah Santiago Bufrem" NOME-PARA-CITACAO="BUFREM, Leilah Santiago" ORDEM-DE-AUTORIA="1" NRO-ID-CNPQ="1526528881898399"/><AUTORES NOME-COMPLETO-DO-AUTOR="Rene Faustino Gabriel Junior" NOME-PARA-CITACAO="GABRIEL JUNIOR, R. F." ORDEM-DE-AUTORIA="2"/><AUTORES NOME-COMPLETO-DO-AUTOR="Viviane Gonçalves" NOME-PARA-CITACAO="GONÇALVEZ, Viviane" ORDEM-DE-AUTORIA="3"/><PALAVRAS-CHAVE PALAVRA-CHAVE-1="Ciência da Informação" PALAVRA-CHAVE-2="Comunicação da ciência" PALAVRA-CHAVE-3="Comunicação Científica" PALAVRA-CHAVE-4="Coautoria."/><AREAS-DO-CONHECIMENTO><AREA-DO-CONHECIMENTO-1 NOME-GRANDE-AREA-DO-CONHECIMENTO="CIENCIAS_SOCIAIS_APLICADAS"/></AREAS-DO-CONHECIMENTO><INFORMACOES-ADICIONAIS DESCRICAO-INFORMACOES-ADICIONAIS-INGLES="This article performs a diachronic analysis of 20 years (1990-2009) of the scientific production of researchers linked to stricto sensu postgraduate programs in Information Science in Brazil, focusing on co-authorship production. It composes a specific corpus, with Brazilian scientific articles in this area, which are related to the scientific communication, particularly emphasizing co-authorship. It executes an empiric analysis on the production from researchers, as raised from Lattes Platform curricula, specifying co-authorship cases in the production of books, book chapters, journal articles and research works submitted in events. It presents the results of an analysis of 12,072 scientific works from 156 researchers, in order to put in evidence the route followed during the evolutive process of co-authoring in publications in this field, identifying the growth and expansion of the co-authorship process, which is still in evolution."/></ARTIGO-PUBLICADO><ARTIGO-PUBLICADO SEQUENCIA-PRODUCAO="16"><DADOS-BASICOS-DO-ARTIGO NATUREZA="COMPLETO" TITULO-DO-ARTIGO="Proposta de metodologia para a recuperação da produção científica em ciência da informação na base Brapci" ANO-DO-ARTIGO="2010" IDIOMA="Português" MEIO-DE-DIVULGACAO="MEIO_DIGITAL" HOME-PAGE-DO-TRABALHO="[http://www.portalseer.ufba.br/index.php/revistaici/article/view/4629]" FLAG-RELEVANCIA="NAO" TITULO-DO-ARTIGO-INGLES="Proposition of a methodology for the retrieval of scientific production in information science on Brapci database" FLAG-DIVULGACAO-CIENTIFICA="NAO"/><DETALHAMENTO-DO-ARTIGO TITULO-DO-PERIODICO-OU-REVISTA="PontodeAcesso (UFBA)" ISSN="19816766" VOLUME="4" SERIE="3" PAGINA-INICIAL="45" PAGINA-FINAL="67"/><AUTORES NOME-COMPLETO-DO-AUTOR="Juliana Lazzarotto Freitas" NOME-PARA-CITACAO="FREITAS, J. L." ORDEM-DE-AUTORIA="1"/><AUTORES NOME-COMPLETO-DO-AUTOR="Leilah Santiago Bufrem" NOME-PARA-CITACAO="BUFREM, Leilah Santiago" ORDEM-DE-AUTORIA="2" NRO-ID-CNPQ="1526528881898399"/><AUTORES NOME-COMPLETO-DO-AUTOR="Rene Faustino Gabriel Junior" NOME-PARA-CITACAO="GABRIEL JUNIOR, R. F." ORDEM-DE-AUTORIA="3"/><PALAVRAS-CHAVE PALAVRA-CHAVE-1="Ciência da Informação" PALAVRA-CHAVE-2="Recuperação da informação" PALAVRA-CHAVE-3="Método de Recuperação de Informação" PALAVRA-CHAVE-4="Epistemologia da ciência da informação"/><AREAS-DO-CONHECIMENTO><AREA-DO-CONHECIMENTO-1 NOME-GRANDE-AREA-DO-CONHECIMENTO="CIENCIAS_SOCIAIS_APLICADAS"/></AREAS-DO-CONHECIMENTO></ARTIGO-PUBLICADO></ARTIGOS-PUBLICADOS></PRODUCAO-BIBLIOGRAFICA><PRODUCAO-TECNICA><SOFTWARE SEQUENCIA-PRODUCAO="5"><DADOS-BASICOS-DO-SOFTWARE NATUREZA="COMPUTACIONAL" TITULO-DO-SOFTWARE="REOL-NEP" ANO="2008" PAIS="Brasil" MEIO-DE-DIVULGACAO="VARIOS" HOME-PAGE-DO-TRABALHO="http://www2.pucpr.br/nep" FLAG-RELEVANCIA="NAO" FLAG-DIVULGACAO-CIENTIFICA="NAO" FLAG-POTENCIAL-INOVACAO="NAO"/><DETALHAMENTO-DO-SOFTWARE FINALIDADE="Repositório e Gestão de Projetos e Pareceres do Nucleo de Ética Profissional" PLATAFORMA="LINUX" AMBIENTE="INTERNET/INTRANET" DISPONIBILIDADE="NAO_INFORMADO" INSTITUICAO-FINANCIADORA="PUCPR"/><AUTORES NOME-COMPLETO-DO-AUTOR="Rene Faustino Gabriel Junior" NOME-PARA-CITACAO="GABRIEL JUNIOR, R. F." ORDEM-DE-AUTORIA="1"/><SETORES-DE-ATIVIDADE SETOR-DE-ATIVIDADE-1="Educação"/></SOFTWARE><SOFTWARE SEQUENCIA-PRODUCAO="9"><DADOS-BASICOS-DO-SOFTWARE NATUREZA="COMPUTACIONAL" TITULO-DO-SOFTWARE="e-Comerce (Livraria Virtual)" ANO="2008" PAIS="Brasil" MEIO-DE-DIVULGACAO="MEIO_DIGITAL" HOME-PAGE-DO-TRABALHO="www.editorachampagnat.pucpr.br" FLAG-RELEVANCIA="NAO" FLAG-DIVULGACAO-CIENTIFICA="NAO" FLAG-POTENCIAL-INOVACAO="NAO"/><DETALHAMENTO-DO-SOFTWARE FINALIDADE="Comércio eletronico de Livos" PLATAFORMA="Linux/PostGreSQL" DISPONIBILIDADE="IRRESTRITA" INSTITUICAO-FINANCIADORA="PUCPR"/><AUTORES NOME-COMPLETO-DO-AUTOR="Rene Faustino Gabriel Junior" NOME-PARA-CITACAO="GABRIEL JUNIOR, R. F." ORDEM-DE-AUTORIA="1"/><PALAVRAS-CHAVE PALAVRA-CHAVE-1="eComerce" PALAVRA-CHAVE-2="Editora"/><SETORES-DE-ATIVIDADE SETOR-DE-ATIVIDADE-1="Comércio Varejista e Reparação de Objetos Pessoais e Domésticos"/></SOFTWARE><SOFTWARE SEQUENCIA-PRODUCAO="17"><DADOS-BASICOS-DO-SOFTWARE NATUREZA="COMPUTACIONAL" TITULO-DO-SOFTWARE="Base de Dados de Referencial de Artigos de Periódicos em Ciência da Informação" ANO="2009" PAIS="Brasil" MEIO-DE-DIVULGACAO="MEIO_DIGITAL" HOME-PAGE-DO-TRABALHO="www.brapci.ufpr.br" FLAG-RELEVANCIA="NAO" TITULO-DO-SOFTWARE-INGLES="Base de Dados de Referencial de Artigos de Periódicos em Ciência da Informação" FLAG-DIVULGACAO-CIENTIFICA="NAO" FLAG-POTENCIAL-INOVACAO="NAO"/><DETALHAMENTO-DO-SOFTWARE FINALIDADE="Comunicação Ciêntífica, Tratamento de Informação" PLATAFORMA="PHP, MySQL" AMBIENTE="Web" DISPONIBILIDADE="IRRESTRITA" INSTITUICAO-FINANCIADORA="CNPq. UFPR"/><AUTORES NOME-COMPLETO-DO-AUTOR="Leilah Santiago Bufrem" NOME-PARA-CITACAO="BUFREM, Leilah Santiago" ORDEM-DE-AUTORIA="1" NRO-ID-CNPQ="1526528881898399"/><AUTORES NOME-COMPLETO-DO-AUTOR="Rene Faustino Gabriel Junior" NOME-PARA-CITACAO="GABRIEL JUNIOR, R. F." ORDEM-DE-AUTORIA="2"/><AUTORES NOME-COMPLETO-DO-AUTOR="Francisco Daniel de Oliveira Costa" NOME-PARA-CITACAO="COSTA, F. D. O." ORDEM-DE-AUTORIA="3"/><PALAVRAS-CHAVE PALAVRA-CHAVE-1="Brapci" PALAVRA-CHAVE-2="Base de dados"/><AREAS-DO-CONHECIMENTO><AREA-DO-CONHECIMENTO-1 NOME-GRANDE-AREA-DO-CONHECIMENTO="CIENCIAS_SOCIAIS_APLICADAS"/></AREAS-DO-CONHECIMENTO></SOFTWARE><SOFTWARE SEQUENCIA-PRODUCAO="27"><DADOS-BASICOS-DO-SOFTWARE NATUREZA="NAO_INFORMADO" TITULO-DO-SOFTWARE="Revistas eletrônicas e repositórios eletrônicos on-line" ANO="2007" PAIS="Brasil" MEIO-DE-DIVULGACAO="OUTRO" HOME-PAGE-DO-TRABALHO="http://www2.pucpr.br/reol/" FLAG-RELEVANCIA="NAO" FLAG-DIVULGACAO-CIENTIFICA="NAO" FLAG-POTENCIAL-INOVACAO="NAO"/><DETALHAMENTO-DO-SOFTWARE FINALIDADE="Comunicação Científica" PLATAFORMA="WEB" AMBIENTE="Internet" DISPONIBILIDADE="IRRESTRITA" INSTITUICAO-FINANCIADORA="PUCPR"><REGISTRO-OU-PATENTE TIPO-PATENTE="PROGRAMA_DE_COMPUTADOR_PC" CODIGO-DO-REGISTRO-OU-PATENTE="09279-1" TITULO-PATENTE="Revistas eletrônicas e repositórios eletrônicos on-line" FORMATO-DATA-PEDIDO="DDMMAAAA" DATA-PEDIDO-DE-DEPOSITO="31072007" DATA-DE-PEDIDO-DE-EXAME="31072007" DATA-DE-CONCESSAO="09022010" FORMATO-DATA-DEPOSITO-PCT="DDMMAAAA"/></DETALHAMENTO-DO-SOFTWARE><AUTORES NOME-COMPLETO-DO-AUTOR="Rene Faustino Gabriel Junior" NOME-PARA-CITACAO="GABRIEL JUNIOR, R. F." ORDEM-DE-AUTORIA="1"/><AUTORES NOME-COMPLETO-DO-AUTOR="Débora Toniolo Rau" NOME-PARA-CITACAO="Débora Toniolo Rau" ORDEM-DE-AUTORIA="2"/><PALAVRAS-CHAVE PALAVRA-CHAVE-1="Anais on-line" PALAVRA-CHAVE-2="Comunicação Científica" PALAVRA-CHAVE-3="OAI" PALAVRA-CHAVE-4="Publicação eletrônica"/><AREAS-DO-CONHECIMENTO><AREA-DO-CONHECIMENTO-1 NOME-GRANDE-AREA-DO-CONHECIMENTO="CIENCIAS_SOCIAIS_APLICADAS" NOME-DA-SUB-AREA-DO-CONHECIMENTO="Biblioteconomia" NOME-DA-ESPECIALIDADE="Processos de Disseminação da Informação"/></AREAS-DO-CONHECIMENTO><SETORES-DE-ATIVIDADE SETOR-DE-ATIVIDADE-1="Desenvolvimento de Programas (Software) e Prestação de Serviços em Informática"/></SOFTWARE><SOFTWARE SEQUENCIA-PRODUCAO="28"><DADOS-BASICOS-DO-SOFTWARE NATUREZA="NAO_INFORMADO" TITULO-DO-SOFTWARE="e-Comerce (Livraria Virtual)" ANO="2008" PAIS="Brasil" MEIO-DE-DIVULGACAO="MEIO_DIGITAL" HOME-PAGE-DO-TRABALHO="www.editorachampagnat.pucpr.br" FLAG-RELEVANCIA="NAO" FLAG-DIVULGACAO-CIENTIFICA="NAO" FLAG-POTENCIAL-INOVACAO="NAO"/><DETALHAMENTO-DO-SOFTWARE FINALIDADE="Comércio eletronico de Livos" PLATAFORMA="Linux/PostGreSQL" DISPONIBILIDADE="IRRESTRITA" INSTITUICAO-FINANCIADORA="PUCPR"><REGISTRO-OU-PATENTE TIPO-PATENTE="PROGRAMA_DE_COMPUTADOR_PC" CODIGO-DO-REGISTRO-OU-PATENTE="09280-0" TITULO-PATENTE="e-Comerce (Livraria Virtual)" FORMATO-DATA-PEDIDO="DDMMAAAA" DATA-PEDIDO-DE-DEPOSITO="31072007" DATA-DE-PEDIDO-DE-EXAME="31072007" DATA-DE-CONCESSAO="09022010" FORMATO-DATA-DEPOSITO-PCT="DDMMAAAA"/></DETALHAMENTO-DO-SOFTWARE><AUTORES NOME-COMPLETO-DO-AUTOR="Rene Faustino Gabriel Junior" NOME-PARA-CITACAO="GABRIEL JUNIOR, R. F." ORDEM-DE-AUTORIA="1"/><PALAVRAS-CHAVE PALAVRA-CHAVE-1="eComerce" PALAVRA-CHAVE-2="Editora"/><SETORES-DE-ATIVIDADE SETOR-DE-ATIVIDADE-1="Comércio Varejista e Reparação de Objetos Pessoais e Domésticos"/></SOFTWARE><SOFTWARE SEQUENCIA-PRODUCAO="2"><DADOS-BASICOS-DO-SOFTWARE NATUREZA="COMPUTACIONAL" TITULO-DO-SOFTWARE="Revistas eletrônicas e repositórios eletrônicos on-line" ANO="2007" PAIS="Brasil" MEIO-DE-DIVULGACAO="OUTRO" HOME-PAGE-DO-TRABALHO="http://www2.pucpr.br/reol/" FLAG-RELEVANCIA="NAO" FLAG-DIVULGACAO-CIENTIFICA="NAO" FLAG-POTENCIAL-INOVACAO="NAO"/><DETALHAMENTO-DO-SOFTWARE FINALIDADE="Comunicação Científica" PLATAFORMA="WEB" AMBIENTE="Internet" DISPONIBILIDADE="IRRESTRITA" INSTITUICAO-FINANCIADORA="PUCPR"/><AUTORES NOME-COMPLETO-DO-AUTOR="Rene Faustino Gabriel Junior" NOME-PARA-CITACAO="GABRIEL JUNIOR, R. F." ORDEM-DE-AUTORIA="1"/><AUTORES NOME-COMPLETO-DO-AUTOR="Débora Toniolo Rau" NOME-PARA-CITACAO="Débora Toniolo Rau" ORDEM-DE-AUTORIA="2"/><PALAVRAS-CHAVE PALAVRA-CHAVE-1="Anais on-line" PALAVRA-CHAVE-2="Comunicação Científica" PALAVRA-CHAVE-3="OAI" PALAVRA-CHAVE-4="Publicação eletrônica"/><AREAS-DO-CONHECIMENTO><AREA-DO-CONHECIMENTO-1 NOME-GRANDE-AREA-DO-CONHECIMENTO="CIENCIAS_SOCIAIS_APLICADAS" NOME-DA-SUB-AREA-DO-CONHECIMENTO="Biblioteconomia" NOME-DA-ESPECIALIDADE="Processos de Disseminação da Informação"/></AREAS-DO-CONHECIMENTO><SETORES-DE-ATIVIDADE SETOR-DE-ATIVIDADE-1="Desenvolvimento de Programas (Software) e Prestação de Serviços em Informática"/></SOFTWARE><PRODUTO-TECNOLOGICO SEQUENCIA-PRODUCAO="13"><DADOS-BASICOS-DO-PRODUTO-TECNOLOGICO TIPO-PRODUTO="PROJETO" NATUREZA="OUTRA" TITULO-DO-PRODUTO="ÚNICO PRODUTO - Documento técnico contendo as ?regras de negócios? do Módulo CEP da Plataforma Brasil de Pesquisa com Seres Humanos da Comissão Nacional de Ética em Pesquisa" ANO="2010" PAIS="Brasil" IDIOMA="Português" MEIO-DE-DIVULGACAO="VARIOS" FLAG-RELEVANCIA="SIM" TITULO-DO-PRODUTO-INGLES="ÚNICO PRODUTO - Documento técnico contendo as ?regras de negócios? do Módulo CEP da Plataforma Brasil de Pesquisa com Seres Humanos da Comissão Nacional de Ética em Pesquisa" FLAG-POTENCIAL-INOVACAO="NAO"/><DETALHAMENTO-DO-PRODUTO-TECNOLOGICO DISPONIBILIDADE="RESTRITA" CIDADE-DO-PRODUTO="Brasilia - DF" INSTITUICAO-FINANCIADORA="Organização Pan-americana da Saúde ? OPAS"/><AUTORES NOME-COMPLETO-DO-AUTOR="Rene Faustino Gabriel Junior" NOME-PARA-CITACAO="GABRIEL JUNIOR, R. F." ORDEM-DE-AUTORIA="1"/><PALAVRAS-CHAVE PALAVRA-CHAVE-1="Módulo CEP" PALAVRA-CHAVE-2="Comitê de Ética em Pesquisa" PALAVRA-CHAVE-3="Bioética"/><AREAS-DO-CONHECIMENTO><AREA-DO-CONHECIMENTO-1 NOME-GRANDE-AREA-DO-CONHECIMENTO="OUTROS"/></AREAS-DO-CONHECIMENTO><INFORMACOES-ADICIONAIS DESCRICAO-INFORMACOES-ADICIONAIS="Contrato nº: BR/CNT/0901650.001"/></PRODUTO-TECNOLOGICO><TRABALHO-TECNICO SEQUENCIA-PRODUCAO="6"><DADOS-BASICOS-DO-TRABALHO-TECNICO NATUREZA="ELABORACAO_DE_PROJETO" TITULO-DO-TRABALHO-TECNICO="Site da Editora Champagnat" ANO="2008" PAIS="Brasil" MEIO-DE-DIVULGACAO="VARIOS" HOME-PAGE-DO-TRABALHO="http://www.editorachampagnat.pucpr.br/" IDIOMA="Português" FLAG-RELEVANCIA="NAO"/><DETALHAMENTO-DO-TRABALHO-TECNICO FINALIDADE="Comercialização de Livros da Editora Champagnat" DURACAO-EM-MESES="4" NUMERO-DE-PAGINAS="80" DISPONIBILIDADE="IRRESTRITA" CIDADE-DO-TRABALHO="Curitiba"/><AUTORES NOME-COMPLETO-DO-AUTOR="Debora Rautmann" NOME-PARA-CITACAO="RAUTMANN, Debora" ORDEM-DE-AUTORIA="1"/><AUTORES NOME-COMPLETO-DO-AUTOR="Rene Faustino Gabriel Junior" NOME-PARA-CITACAO="GABRIEL JUNIOR, R. F." ORDEM-DE-AUTORIA="2"/><AUTORES NOME-COMPLETO-DO-AUTOR="Viviane Gonçalves" NOME-PARA-CITACAO="GONÇALVEZ, Viviane" ORDEM-DE-AUTORIA="3"/></TRABALHO-TECNICO><TRABALHO-TECNICO SEQUENCIA-PRODUCAO="33"><DADOS-BASICOS-DO-TRABALHO-TECNICO NATUREZA="CONSULTORIA" TITULO-DO-TRABALHO-TECNICO="ProEthos - plataforma online de gestão do processo de revisão ética das pesquisas" ANO="2013" PAIS="Suiça" MEIO-DE-DIVULGACAO="MEIO_DIGITAL" HOME-PAGE-DO-TRABALHO="proethos.sisdoc.com.br" IDIOMA="Inglês" FLAG-RELEVANCIA="NAO"/><DETALHAMENTO-DO-TRABALHO-TECNICO FINALIDADE="Acessoria no desenvolvimento do ProEthos, uma plataforma online de gestão do processo de revisão ética das pesquisas." DURACAO-EM-MESES="3" DISPONIBILIDADE="RESTRITA" INSTITUICAO-FINANCIADORA="Organização Mundial da Saúde - World Health Organization: WHO" CIDADE-DO-TRABALHO="Genebra"/><AUTORES NOME-COMPLETO-DO-AUTOR="Rene Faustino Gabriel Junior" NOME-PARA-CITACAO="GABRIEL JUNIOR, Rene Faustino" ORDEM-DE-AUTORIA="1"/><PALAVRAS-CHAVE PALAVRA-CHAVE-1="ProEthos" PALAVRA-CHAVE-2="Comitê de Ética em Pesquisa"/><AREAS-DO-CONHECIMENTO><AREA-DO-CONHECIMENTO-1 NOME-GRANDE-AREA-DO-CONHECIMENTO="OUTROS"/></AREAS-DO-CONHECIMENTO></TRABALHO-TECNICO><TRABALHO-TECNICO SEQUENCIA-PRODUCAO="37"><DADOS-BASICOS-DO-TRABALHO-TECNICO NATUREZA="CONSULTORIA" TITULO-DO-TRABALHO-TECNICO="Encontro Brasileiro de Bibliometria e Cientometria" ANO="2014" PAIS="Brasil" MEIO-DE-DIVULGACAO="NAO_INFORMADO" HOME-PAGE-DO-TRABALHO="http://www.liber.ufpe.br/ctcm/index2.php/ebbc4/" IDIOMA="Português" FLAG-RELEVANCIA="NAO"/><DETALHAMENTO-DO-TRABALHO-TECNICO FINALIDADE="Evento científico" DISPONIBILIDADE="IRRESTRITA" CIDADE-DO-TRABALHO="Recife, PE"/><AUTORES NOME-COMPLETO-DO-AUTOR="Rene Faustino Gabriel Junior" NOME-PARA-CITACAO="GABRIEL JUNIOR, Rene Faustino" ORDEM-DE-AUTORIA="1"/><PALAVRAS-CHAVE PALAVRA-CHAVE-1="bibliometria" PALAVRA-CHAVE-2="Cientometria"/><AREAS-DO-CONHECIMENTO><AREA-DO-CONHECIMENTO-1 NOME-GRANDE-AREA-DO-CONHECIMENTO="CIENCIAS_SOCIAIS_APLICADAS"/></AREAS-DO-CONHECIMENTO></TRABALHO-TECNICO><DEMAIS-TIPOS-DE-PRODUCAO-TECNICA><APRESENTACAO-DE-TRABALHO SEQUENCIA-PRODUCAO="34"><DADOS-BASICOS-DA-APRESENTACAO-DE-TRABALHO NATUREZA="SEMINARIO" TITULO="Base        :base de dados referenciais de artigos de periódicos da área de ciência da informação" ANO="2013" PAIS="Brasil" IDIOMA="Português" FLAG-RELEVANCIA="NAO" FLAG-DIVULGACAO-CIENTIFICA="NAO"/><DETALHAMENTO-DA-APRESENTACAO-DE-TRABALHO NOME-DO-EVENTO="Pré-Encontro Brasileiro de Bibliometria e Cientometria" INSTITUICAO-PROMOTORA="Programa de Pós-Graduação em Ciência da Informação da UFPE" LOCAL-DA-APRESENTACAO="UFPE" CIDADE-DA-APRESENTACAO="Refice, PE"/><AUTORES NOME-COMPLETO-DO-AUTOR="Rene Faustino Gabriel Junior" NOME-PARA-CITACAO="GABRIEL JUNIOR, Rene Faustino" ORDEM-DE-AUTORIA="1"/><AUTORES NOME-COMPLETO-DO-AUTOR="Leilah Santiago Bufrem" NOME-PARA-CITACAO="BUFREM, Leilah Santiago" ORDEM-DE-AUTORIA="2" NRO-ID-CNPQ="1526528881898399"/><PALAVRAS-CHAVE PALAVRA-CHAVE-1="base BRAPCI"/><AREAS-DO-CONHECIMENTO><AREA-DO-CONHECIMENTO-1 NOME-GRANDE-AREA-DO-CONHECIMENTO="CIENCIAS_SOCIAIS_APLICADAS"/></AREAS-DO-CONHECIMENTO></APRESENTACAO-DE-TRABALHO><EDITORACAO SEQUENCIA-PRODUCAO="3"><DADOS-BASICOS-DE-EDITORACAO NATUREZA="ANAIS" TITULO="V Congresso Nacional de Filosofia Contemporânea" ANO="2007" PAIS="Brasil" IDIOMA="Português" MEIO-DE-DIVULGACAO="MEIO_DIGITAL" HOME-PAGE-DO-TRABALHO="http://www2.pucpr.br/reol/index.php/5CFC" FLAG-RELEVANCIA="NAO"/><DETALHAMENTO-DE-EDITORACAO NUMERO-DE-PAGINAS="44" INSTITUICAO-PROMOTORA="Cesar Candiotto (organizador)" EDITORA="Editora Champagnat" CIDADE="Curitiba"/><AUTORES NOME-COMPLETO-DO-AUTOR="CANDIOTTO, Cesar" NOME-PARA-CITACAO="Cesar Candiotto" ORDEM-DE-AUTORIA="1"/><AUTORES NOME-COMPLETO-DO-AUTOR="Rene Faustino Gabriel Junior" NOME-PARA-CITACAO="GABRIEL JUNIOR, R. F." ORDEM-DE-AUTORIA="2"/><AUTORES NOME-COMPLETO-DO-AUTOR="Juliana Diniz da Silveira" NOME-PARA-CITACAO="Juliana Diniz da Silveira" ORDEM-DE-AUTORIA="3"/><AUTORES NOME-COMPLETO-DO-AUTOR="Salma Nasser" NOME-PARA-CITACAO="Salma Nasser" ORDEM-DE-AUTORIA="4"/><AUTORES NOME-COMPLETO-DO-AUTOR="Edena Maria Beiga Grein" NOME-PARA-CITACAO="Edena Maria Beiga Grein" ORDEM-DE-AUTORIA="5"/><AREAS-DO-CONHECIMENTO><AREA-DO-CONHECIMENTO-1 NOME-GRANDE-AREA-DO-CONHECIMENTO="CIENCIAS_HUMANAS"/></AREAS-DO-CONHECIMENTO></EDITORACAO><ORGANIZACAO-DE-EVENTO SEQUENCIA-PRODUCAO="8"><DADOS-BASICOS-DA-ORGANIZACAO-DE-EVENTO TIPO="OUTRO" NATUREZA="ORGANIZACAO" TITULO="Inteligência Competitiva &amp;amp; Maestria Pessoal e Profissional" ANO="2007" PAIS="Brasil" IDIOMA="Português" MEIO-DE-DIVULGACAO="VARIOS" FLAG-RELEVANCIA="NAO" FLAG-DIVULGACAO-CIENTIFICA="NAO"/><DETALHAMENTO-DA-ORGANIZACAO-DE-EVENTO INSTITUICAO-PROMOTORA="Estudantes de Biblioteconomia e Documentação da PUCPR" DURACAO-EM-SEMANAS="1" FLAG-EVENTO-ITINERANTE="N" LOCAL="PUCPR" CIDADE="Curitiba"/><AUTORES NOME-COMPLETO-DO-AUTOR="Kira Taparanoff" NOME-PARA-CITACAO="TAPARANOFF, Kira" ORDEM-DE-AUTORIA="1"/><AUTORES NOME-COMPLETO-DO-AUTOR="Jair Passos" NOME-PARA-CITACAO="PASSOS, Jair" ORDEM-DE-AUTORIA="2"/><AUTORES NOME-COMPLETO-DO-AUTOR="Rene Faustino Gabriel Junior" NOME-PARA-CITACAO="GABRIEL JUNIOR, R. F." ORDEM-DE-AUTORIA="3"/><PALAVRAS-CHAVE PALAVRA-CHAVE-1="Inteligência Competitiva" PALAVRA-CHAVE-2="Maestria Pessoal e Profissional"/><AREAS-DO-CONHECIMENTO><AREA-DO-CONHECIMENTO-1 NOME-GRANDE-AREA-DO-CONHECIMENTO="CIENCIAS_SOCIAIS_APLICADAS" NOME-DA-SUB-AREA-DO-CONHECIMENTO="Biblioteconomia"/><AREA-DO-CONHECIMENTO-2 NOME-GRANDE-AREA-DO-CONHECIMENTO="CIENCIAS_SOCIAIS_APLICADAS" NOME-DA-AREA-DO-CONHECIMENTO="Administração" NOME-DA-SUB-AREA-DO-CONHECIMENTO="Administração de Empresas" NOME-DA-ESPECIALIDADE="Administração de Recursos Humanos"/></AREAS-DO-CONHECIMENTO></ORGANIZACAO-DE-EVENTO><ORGANIZACAO-DE-EVENTO SEQUENCIA-PRODUCAO="45"><DADOS-BASICOS-DA-ORGANIZACAO-DE-EVENTO TIPO="OUTRO" NATUREZA="ORGANIZACAO" TITULO="Encontro Brasileiro de Bibliometria e Cientometria" ANO="2016" PAIS="Brasil" IDIOMA="Português" MEIO-DE-DIVULGACAO="MEIO_DIGITAL" FLAG-RELEVANCIA="NAO" FLAG-DIVULGACAO-CIENTIFICA="NAO"/><DETALHAMENTO-DA-ORGANIZACAO-DE-EVENTO INSTITUICAO-PROMOTORA="Universidade de São Paulo" DURACAO-EM-SEMANAS="1" FLAG-EVENTO-ITINERANTE="S" FLAG-CATALOGO="S" LOCAL="http://www.ebbc.inf.br/ebbc5/index.php/ebbc5/trabalhos" CIDADE="São Paulo"/><AUTORES NOME-COMPLETO-DO-AUTOR="Rogério Mugnaini" NOME-PARA-CITACAO="Rogério Mugnaini" ORDEM-DE-AUTORIA="1"/><AUTORES NOME-COMPLETO-DO-AUTOR="Nair Yumiko Kobashi" NOME-PARA-CITACAO="Nair Yumiko Kobashi" ORDEM-DE-AUTORIA="2"/><AUTORES NOME-COMPLETO-DO-AUTOR="Asa Fujino" NOME-PARA-CITACAO="Asa Fujino" ORDEM-DE-AUTORIA="3"/><AUTORES NOME-COMPLETO-DO-AUTOR="Rene Faustino Gabriel Junior" NOME-PARA-CITACAO="GABRIEL JUNIOR, Rene Faustino" ORDEM-DE-AUTORIA="4"/><PALAVRAS-CHAVE PALAVRA-CHAVE-1="bibliometria" PALAVRA-CHAVE-2="Cientometria"/><AREAS-DO-CONHECIMENTO><AREA-DO-CONHECIMENTO-1 NOME-GRANDE-AREA-DO-CONHECIMENTO="CIENCIAS_SOCIAIS_APLICADAS"/></AREAS-DO-CONHECIMENTO><INFORMACOES-ADICIONAIS DESCRICAO-INFORMACOES-ADICIONAIS="No Brasil, estudos sistemáticos sobre a evolução e as tendências da ciência e tecnologia brasileiras iniciaram-se por volta dos anos 1970. A característica multidisciplinar é evidenciada nos quatro EBBCs, realizados em 2008, 2010, 2012 e 2014, respectivamente, no Rio de Janeiro-RJ, São Carlos-SP, Gramado-RS e Recife-PE. Participaram desses encontros pesquisadores provenientes de diferentes áreas da ciência que desenvolvem estudos sobre a informação, a literatura científica e tecnológica e avaliação da atividade científica. Aspectos específicos sobre avaliação de instituições científicas e tecnológicas, a exemplo das universidades, bem como de áreas de conhecimento e setores industriais intensivos em tecnologia, foram progressivamente ganhando espaço nas discussões dos Encontros Brasileiros de Bibliometria e Cientometria, em função do potencial de contribuição de estudos de produção científica e tecnológica, com inclusão dos estudos patentométricos, para subsidiar políticas públicas de avaliação e incentivo ao desenvolvimento científico e tecnológico."/></ORGANIZACAO-DE-EVENTO></DEMAIS-TIPOS-DE-PRODUCAO-TECNICA></PRODUCAO-TECNICA><OUTRA-PRODUCAO><PRODUCAO-ARTISTICA-CULTURAL><OUTRA-PRODUCAO-ARTISTICA-CULTURAL SEQUENCIA-PRODUCAO="7"><DADOS-BASICOS-DE-OUTRA-PRODUCAO-ARTISTICA-CULTURAL NATUREZA="Exposição cultural" TITULO="Evolução Histórica do Livro e da Biblioteca: da antigüidade à pós-modernidade" ANO="2006" PAIS="Brasil" IDIOMA="Português" MEIO-DE-DIVULGACAO="VARIOS" FLAG-RELEVANCIA="NAO" FLAG-DIVULGACAO-CIENTIFICA="NAO"/><DETALHAMENTO-DE-OUTRA-PRODUCAO-ARTISTICA-CULTURAL INSTITUICAO-PROMOTORA-DO-EVENTO="PUCPR" LOCAL-DO-EVENTO="PUCPR, Biblioteca Publica do Paraná, SESC-PR, FESPPR" CIDADE="Curitiba, Foz do Iguaçu"/><AUTORES NOME-COMPLETO-DO-AUTOR="Sandra de Fátima Santos" NOME-PARA-CITACAO="SANTOS, Sandra de Fátima" ORDEM-DE-AUTORIA="1"/><AUTORES NOME-COMPLETO-DO-AUTOR="Rene Faustino Gabriel Junior" NOME-PARA-CITACAO="GABRIEL JUNIOR, R. F." ORDEM-DE-AUTORIA="2"/></OUTRA-PRODUCAO-ARTISTICA-CULTURAL></PRODUCAO-ARTISTICA-CULTURAL></OUTRA-PRODUCAO><DADOS-COMPLEMENTARES><FORMACAO-COMPLEMENTAR><FORMACAO-COMPLEMENTAR-CURSO-DE-CURTA-DURACAO SEQUENCIA-FORMACAO="5" NIVEL="F" CARGA-HORARIA="20" CODIGO-INSTITUICAO="000400000997" NOME-INSTITUICAO="BSI Informática Ltda" CODIGO-CURSO="90000006" NOME-CURSO="HTML Avançado" STATUS-DO-CURSO="CONCLUIDO" ANO-DE-INICIO="1997" ANO-DE-CONCLUSAO="1997"/><FORMACAO-COMPLEMENTAR-CURSO-DE-CURTA-DURACAO SEQUENCIA-FORMACAO="4" NIVEL="F" CARGA-HORARIA="12" CODIGO-INSTITUICAO="010300000003" NOME-INSTITUICAO="Universidade Federal do Paraná" CODIGO-CURSO="90000004" NOME-CURSO="Novos Modelos de Negócio: analisando o protocolo O" STATUS-DO-CURSO="CONCLUIDO" ANO-DE-INICIO="2005" ANO-DE-CONCLUSAO="2005"/><FORMACAO-COMPLEMENTAR-CURSO-DE-CURTA-DURACAO SEQUENCIA-FORMACAO="3" NIVEL="F" CARGA-HORARIA="8" CODIGO-INSTITUICAO="000300000995" NOME-INSTITUICAO="Seminario Internacional de Bibliotecas Digitais Brasil" CODIGO-CURSO="90000003" NOME-CURSO="Usabilidade e Navegabilidade" STATUS-DO-CURSO="CONCLUIDO" ANO-DE-INICIO="2007" ANO-DE-CONCLUSAO="2007"/><formacoesComplementaresPlana/></FORMACAO-COMPLEMENTAR><PARTICIPACAO-EM-BANCA-TRABALHOS-CONCLUSAO><PARTICIPACAO-EM-BANCA-DE-GRADUACAO SEQUENCIA-PRODUCAO="24"><DADOS-BASICOS-DA-PARTICIPACAO-EM-BANCA-DE-GRADUACAO NATUREZA="Graduação" TITULO="Avaliação da Produção Científica em Estudos Métricos na Base de Dados Brapci" ANO="2012" PAIS="Brasil" IDIOMA="Português" TITULO-INGLES="Avaliação da produção cientifica na área de arquivologia: um estudo bibliométrico nos ENANCIB?s no período de 2005 até 2009"/><DETALHAMENTO-DA-PARTICIPACAO-EM-BANCA-DE-GRADUACAO NOME-DO-CANDIDATO="Lidyane Silva Lima" CODIGO-INSTITUICAO="033000000007" NOME-INSTITUICAO="Universidade Estadual Paulista Júlio de Mesquita Filho" CODIGO-CURSO="90000008" NOME-CURSO="Arquivologia"/><PARTICIPANTE-BANCA NOME-COMPLETO-DO-PARTICIPANTE-DA-BANCA="Rene Faustino Gabriel Junior" NOME-PARA-CITACAO-DO-PARTICIPANTE-DA-BANCA="GABRIEL JUNIOR, R. F." ORDEM-PARTICIPANTE="3"/><PARTICIPANTE-BANCA NOME-COMPLETO-DO-PARTICIPANTE-DA-BANCA="Ely Francina Tannuri de Oliveira" NOME-PARA-CITACAO-DO-PARTICIPANTE-DA-BANCA="OLIVEIRA, E. F. T." ORDEM-PARTICIPANTE="2" NRO-ID-CNPQ="8938252042140828"/><PARTICIPANTE-BANCA NOME-COMPLETO-DO-PARTICIPANTE-DA-BANCA="Maria Cláudia Cabrini Gracio" NOME-PARA-CITACAO-DO-PARTICIPANTE-DA-BANCA="GRÁCIO, M. C. C." ORDEM-PARTICIPANTE="1"/><PALAVRAS-CHAVE PALAVRA-CHAVE-1="Produção Científica" PALAVRA-CHAVE-2="Estudos Métricos"/><AREAS-DO-CONHECIMENTO><AREA-DO-CONHECIMENTO-1 NOME-GRANDE-AREA-DO-CONHECIMENTO="CIENCIAS_SOCIAIS_APLICADAS"/></AREAS-DO-CONHECIMENTO><SETORES-DE-ATIVIDADE SETOR-DE-ATIVIDADE-1="Informação e comunicação"/></PARTICIPACAO-EM-BANCA-DE-GRADUACAO><PARTICIPACAO-EM-BANCA-DE-GRADUACAO SEQUENCIA-PRODUCAO="39"><DADOS-BASICOS-DA-PARTICIPACAO-EM-BANCA-DE-GRADUACAO NATUREZA="Graduação" TITULO="Avaliação da produção científica na área de arquivologia: um estudo bibliométrico nos Enancibs no periódo de 2005 a 2009" ANO="2011" PAIS="Brasil" IDIOMA="Português"/><DETALHAMENTO-DA-PARTICIPACAO-EM-BANCA-DE-GRADUACAO NOME-DO-CANDIDATO="Jair Felix de Mendonça Filho" CODIGO-INSTITUICAO="033000000007" NOME-INSTITUICAO="Universidade Estadual Paulista Júlio de Mesquita Filho" CODIGO-CURSO="60243716" NOME-CURSO="Arquivologia"/><PARTICIPANTE-BANCA NOME-COMPLETO-DO-PARTICIPANTE-DA-BANCA="Rene Faustino Gabriel Junior" NOME-PARA-CITACAO-DO-PARTICIPANTE-DA-BANCA="GABRIEL JUNIOR, Rene Faustino" ORDEM-PARTICIPANTE="3"/><PARTICIPANTE-BANCA NOME-COMPLETO-DO-PARTICIPANTE-DA-BANCA="Ely Francina Tannuri de Oliveira" NOME-PARA-CITACAO-DO-PARTICIPANTE-DA-BANCA="OLIVEIRA, E. F. T." ORDEM-PARTICIPANTE="1" NRO-ID-CNPQ="8938252042140828"/><PARTICIPANTE-BANCA NOME-COMPLETO-DO-PARTICIPANTE-DA-BANCA="Maria Cláudia Cabrini Gracio" NOME-PARA-CITACAO-DO-PARTICIPANTE-DA-BANCA="GRÁCIO, M. C. C." ORDEM-PARTICIPANTE="2"/><PARTICIPANTE-BANCA NOME-COMPLETO-DO-PARTICIPANTE-DA-BANCA="Jair Felix de Mendonça Filho" NOME-PARA-CITACAO-DO-PARTICIPANTE-DA-BANCA="Mendonça Fillho, Jair Felix" ORDEM-PARTICIPANTE="4"/><PALAVRAS-CHAVE PALAVRA-CHAVE-1="Arquivologia" PALAVRA-CHAVE-2="bibliometria"/><AREAS-DO-CONHECIMENTO><AREA-DO-CONHECIMENTO-1 NOME-GRANDE-AREA-DO-CONHECIMENTO="CIENCIAS_SOCIAIS_APLICADAS"/><AREA-DO-CONHECIMENTO-2 NOME-GRANDE-AREA-DO-CONHECIMENTO="CIENCIAS_SOCIAIS_APLICADAS" NOME-DA-AREA-DO-CONHECIMENTO="Ciência da Informação" NOME-DA-SUB-AREA-DO-CONHECIMENTO="Arquivologia"/></AREAS-DO-CONHECIMENTO></PARTICIPACAO-EM-BANCA-DE-GRADUACAO></PARTICIPACAO-EM-BANCA-TRABALHOS-CONCLUSAO><PARTICIPACAO-EM-EVENTOS-CONGRESSOS><PARTICIPACAO-EM-CONGRESSO SEQUENCIA-PRODUCAO="21"><PARTICIPANTE-DE-EVENTOS-CONGRESSOS NOME-COMPLETO-DO-PARTICIPANTE-DE-EVENTOS-CONGRESSOS="Rene Faustino Gabriel Junior" NOME-PARA-CITACAO-DO-PARTICIPANTE-DE-EVENTOS-CONGRESSOS="GABRIEL JUNIOR, Rene Faustino;GABRIEL JUNIOR, R. F." ORDEM-PARTICIPANTE="1" NRO-ID-CNPQ="5900345665779424"/><DADOS-BASICOS-DA-PARTICIPACAO-EM-CONGRESSO NATUREZA="Congresso" TITULO="Aproximações teóricas entre a produção de autores brasileiros e espanhóis da área de organização do conhecimento na produção periódica de Ciência da Informação no Brasil" ANO="2011" PAIS="Brasil" MEIO-DE-DIVULGACAO="NAO_INFORMADO" FLAG-RELEVANCIA="NAO" TIPO-PARTICIPACAO="Apresentação Oral" FORMA-PARTICIPACAO="Participante" FLAG-DIVULGACAO-CIENTIFICA="NAO"/><DETALHAMENTO-DA-PARTICIPACAO-EM-CONGRESSO NOME-DO-EVENTO="I ISKO Brasil" CIDADE-DO-EVENTO="Brasília"/></PARTICIPACAO-EM-CONGRESSO><PARTICIPACAO-EM-CONGRESSO SEQUENCIA-PRODUCAO="35"><PARTICIPANTE-DE-EVENTOS-CONGRESSOS NOME-COMPLETO-DO-PARTICIPANTE-DE-EVENTOS-CONGRESSOS="Rene Faustino Gabriel Junior" NOME-PARA-CITACAO-DO-PARTICIPANTE-DE-EVENTOS-CONGRESSOS="GABRIEL JUNIOR, Rene Faustino;GABRIEL JUNIOR, R. F." ORDEM-PARTICIPANTE="1" NRO-ID-CNPQ="5900345665779424"/><DADOS-BASICOS-DA-PARTICIPACAO-EM-CONGRESSO NATUREZA="Congresso" ANO="2013" PAIS="Brasil" MEIO-DE-DIVULGACAO="NAO_INFORMADO" HOME-PAGE-DO-TRABALHO="http://isko-brasil.org.br/" FLAG-RELEVANCIA="NAO" FORMA-PARTICIPACAO="Ouvinte" FLAG-DIVULGACAO-CIENTIFICA="NAO"/><DETALHAMENTO-DA-PARTICIPACAO-EM-CONGRESSO NOME-DO-EVENTO="II ISKO Brasil" CIDADE-DO-EVENTO="Rio de Janiero"/></PARTICIPACAO-EM-CONGRESSO><PARTICIPACAO-EM-SEMINARIO SEQUENCIA-PRODUCAO="12"><PARTICIPANTE-DE-EVENTOS-CONGRESSOS NOME-COMPLETO-DO-PARTICIPANTE-DE-EVENTOS-CONGRESSOS="Rene Faustino Gabriel Junior" NOME-PARA-CITACAO-DO-PARTICIPANTE-DE-EVENTOS-CONGRESSOS="GABRIEL JUNIOR, Rene Faustino;GABRIEL JUNIOR, R. F." ORDEM-PARTICIPANTE="1" NRO-ID-CNPQ="5900345665779424"/><DADOS-BASICOS-DA-PARTICIPACAO-EM-SEMINARIO NATUREZA="Seminário" TITULO="Módulo CEP da Plataforma Brasil" ANO="2010" PAIS="Brasil" MEIO-DE-DIVULGACAO="NAO_INFORMADO" FLAG-RELEVANCIA="NAO" TIPO-PARTICIPACAO="Apresentação Oral" FORMA-PARTICIPACAO="Participante" FLAG-DIVULGACAO-CIENTIFICA="NAO"/><DETALHAMENTO-DA-PARTICIPACAO-EM-SEMINARIO NOME-DO-EVENTO="Encontro Regional de Comitês de Ética em Pesquisa ? Sul" CIDADE-DO-EVENTO="Curitiba"/></PARTICIPACAO-EM-SEMINARIO><PARTICIPACAO-EM-SEMINARIO SEQUENCIA-PRODUCAO="1"><PARTICIPANTE-DE-EVENTOS-CONGRESSOS NOME-COMPLETO-DO-PARTICIPANTE-DE-EVENTOS-CONGRESSOS="Rene Faustino Gabriel Junior" NOME-PARA-CITACAO-DO-PARTICIPANTE-DE-EVENTOS-CONGRESSOS="GABRIEL JUNIOR, Rene Faustino;GABRIEL JUNIOR, R. F." ORDEM-PARTICIPANTE="1" NRO-ID-CNPQ="5900345665779424"/><DADOS-BASICOS-DA-PARTICIPACAO-EM-SEMINARIO NATUREZA="Seminário" ANO="2007" PAIS="Brasil" MEIO-DE-DIVULGACAO="NAO_INFORMADO" FLAG-RELEVANCIA="NAO" FORMA-PARTICIPACAO="Ouvinte" FLAG-DIVULGACAO-CIENTIFICA="NAO"/><DETALHAMENTO-DA-PARTICIPACAO-EM-SEMINARIO NOME-DO-EVENTO="Seminário Internacional de Bibliotecas Digitais Brasil" CIDADE-DO-EVENTO="São Paulo"/></PARTICIPACAO-EM-SEMINARIO><PARTICIPACAO-EM-ENCONTRO SEQUENCIA-PRODUCAO="49"><PARTICIPANTE-DE-EVENTOS-CONGRESSOS NOME-COMPLETO-DO-PARTICIPANTE-DE-EVENTOS-CONGRESSOS="Rene Faustino Gabriel Junior" NOME-PARA-CITACAO-DO-PARTICIPANTE-DE-EVENTOS-CONGRESSOS="GABRIEL JUNIOR, Rene Faustino;GABRIEL JUNIOR, R. F." ORDEM-PARTICIPANTE="1" NRO-ID-CNPQ="5900345665779424"/><DADOS-BASICOS-DA-PARTICIPACAO-EM-ENCONTRO NATUREZA="Encontro" TITULO="UTILIZAÇÃO DA WEB SEMANTICA E RDF EM ESTUDOS MÉTRICOS DA INFORMAÇÃO: aplicação na base Brapci" ANO="2016" PAIS="Brasil" MEIO-DE-DIVULGACAO="NAO_INFORMADO" HOME-PAGE-DO-TRABALHO="http://www.ufpb.br/evento/lti/ocs/index.php/enancib2016/enancib2016" FLAG-RELEVANCIA="NAO" TIPO-PARTICIPACAO="Apresentação oral" FORMA-PARTICIPACAO="Participante" TITULO-INGLES="USE OF THE SEMANTIC WEB AND RDF IN THE INFORMATION METRIC STUDIES: APPLICATION IN BRAPCI" FLAG-DIVULGACAO-CIENTIFICA="SIM"/><DETALHAMENTO-DA-PARTICIPACAO-EM-ENCONTRO NOME-DO-EVENTO="XVII ENANCIB" CIDADE-DO-EVENTO="Slvador"/></PARTICIPACAO-EM-ENCONTRO><PARTICIPACAO-EM-ENCONTRO SEQUENCIA-PRODUCAO="50"><PARTICIPANTE-DE-EVENTOS-CONGRESSOS NOME-COMPLETO-DO-PARTICIPANTE-DE-EVENTOS-CONGRESSOS="Rene Faustino Gabriel Junior" NOME-PARA-CITACAO-DO-PARTICIPANTE-DE-EVENTOS-CONGRESSOS="GABRIEL JUNIOR, Rene Faustino;GABRIEL JUNIOR, R. F." ORDEM-PARTICIPANTE="1" NRO-ID-CNPQ="5900345665779424"/><DADOS-BASICOS-DA-PARTICIPACAO-EM-ENCONTRO NATUREZA="Encontro" TITULO="METODOLOGIA PARA USO DO ISSN-L COMO LIGAÇÃO ENTRE BASES DE DADOS QUALIFICADORAS" ANO="2016" PAIS="Brasil" MEIO-DE-DIVULGACAO="NAO_INFORMADO" HOME-PAGE-DO-TRABALHO="www;ebbc.inf.br" FLAG-RELEVANCIA="NAO" TIPO-PARTICIPACAO="Apresentação oral" FORMA-PARTICIPACAO="Participante" TITULO-INGLES="METODOLOGIA PARA USO DO ISSN-L COMO LIGAÇÃO ENTRE BASES DE DADOS QUALIFICADORAS" FLAG-DIVULGACAO-CIENTIFICA="NAO"/><DETALHAMENTO-DA-PARTICIPACAO-EM-ENCONTRO NOME-DO-EVENTO="V EBBC" CIDADE-DO-EVENTO="São Paulo"/></PARTICIPACAO-EM-ENCONTRO><PARTICIPACAO-EM-ENCONTRO SEQUENCIA-PRODUCAO="20"><PARTICIPANTE-DE-EVENTOS-CONGRESSOS NOME-COMPLETO-DO-PARTICIPANTE-DE-EVENTOS-CONGRESSOS="Rene Faustino Gabriel Junior" NOME-PARA-CITACAO-DO-PARTICIPANTE-DE-EVENTOS-CONGRESSOS="GABRIEL JUNIOR, Rene Faustino;GABRIEL JUNIOR, R. F." ORDEM-PARTICIPANTE="1" NRO-ID-CNPQ="5900345665779424"/><DADOS-BASICOS-DA-PARTICIPACAO-EM-ENCONTRO NATUREZA="Encontro" TITULO="Relações temáticas e de autorias em estudos métricos da informação representados na Brapci" ANO="2011" PAIS="Brasil" MEIO-DE-DIVULGACAO="NAO_INFORMADO" FLAG-RELEVANCIA="NAO" TIPO-PARTICIPACAO="Apresentação Oral" FORMA-PARTICIPACAO="Participante" TITULO-INGLES="Thematic relations and authorship studies in the metric studies represented in the Brapci" FLAG-DIVULGACAO-CIENTIFICA="NAO"/><DETALHAMENTO-DA-PARTICIPACAO-EM-ENCONTRO NOME-DO-EVENTO="XII ENANCIB" CIDADE-DO-EVENTO="Brasília"/></PARTICIPACAO-EM-ENCONTRO><PARTICIPACAO-EM-ENCONTRO SEQUENCIA-PRODUCAO="18"><PARTICIPANTE-DE-EVENTOS-CONGRESSOS NOME-COMPLETO-DO-PARTICIPANTE-DE-EVENTOS-CONGRESSOS="Rene Faustino Gabriel Junior" NOME-PARA-CITACAO-DO-PARTICIPANTE-DE-EVENTOS-CONGRESSOS="GABRIEL JUNIOR, Rene Faustino;GABRIEL JUNIOR, R. F." ORDEM-PARTICIPANTE="1" NRO-ID-CNPQ="5900345665779424"/><DADOS-BASICOS-DA-PARTICIPACAO-EM-ENCONTRO NATUREZA="Encontro" TITULO="Cartografia dos periódicos em educação da região Sul" ANO="2011" PAIS="Brasil" MEIO-DE-DIVULGACAO="NAO_INFORMADO" HOME-PAGE-DO-TRABALHO="http://www.pareceristas.com.br/fepedsul/" FLAG-RELEVANCIA="NAO" TIPO-PARTICIPACAO="Apresentação Oral" FORMA-PARTICIPACAO="Participante" TITULO-INGLES="Cartografia dos periódicos em educação da região Sul" FLAG-DIVULGACAO-CIENTIFICA="NAO"/><DETALHAMENTO-DA-PARTICIPACAO-EM-ENCONTRO NOME-DO-EVENTO="II Fórum de Editores de Periódicos de Educação da Região Sul" CIDADE-DO-EVENTO="Curitiba"/></PARTICIPACAO-EM-ENCONTRO><PARTICIPACAO-EM-ENCONTRO SEQUENCIA-PRODUCAO="38"><PARTICIPANTE-DE-EVENTOS-CONGRESSOS NOME-COMPLETO-DO-PARTICIPANTE-DE-EVENTOS-CONGRESSOS="Rene Faustino Gabriel Junior" NOME-PARA-CITACAO-DO-PARTICIPANTE-DE-EVENTOS-CONGRESSOS="GABRIEL JUNIOR, Rene Faustino;GABRIEL JUNIOR, R. F." ORDEM-PARTICIPANTE="1" NRO-ID-CNPQ="5900345665779424"/><DADOS-BASICOS-DA-PARTICIPACAO-EM-ENCONTRO NATUREZA="Encontro" TITULO="Aproximação da bibliometria e recuperação da informação na Brapci" ANO="2014" PAIS="Brasil" MEIO-DE-DIVULGACAO="NAO_INFORMADO" HOME-PAGE-DO-TRABALHO="http://www.liber.ufpe.br/conferences/index.php/ebbc4/" FLAG-RELEVANCIA="NAO" TIPO-PARTICIPACAO="Apresentação Oral" FORMA-PARTICIPACAO="Participante" FLAG-DIVULGACAO-CIENTIFICA="SIM"/><DETALHAMENTO-DA-PARTICIPACAO-EM-ENCONTRO NOME-DO-EVENTO="IV EBBC" CIDADE-DO-EVENTO="Recife, PE"/></PARTICIPACAO-EM-ENCONTRO><PARTICIPACAO-EM-ENCONTRO SEQUENCIA-PRODUCAO="43"><PARTICIPANTE-DE-EVENTOS-CONGRESSOS NOME-COMPLETO-DO-PARTICIPANTE-DE-EVENTOS-CONGRESSOS="Rene Faustino Gabriel Junior" NOME-PARA-CITACAO-DO-PARTICIPANTE-DE-EVENTOS-CONGRESSOS="GABRIEL JUNIOR, Rene Faustino;GABRIEL JUNIOR, R. F." ORDEM-PARTICIPANTE="1" NRO-ID-CNPQ="5900345665779424"/><DADOS-BASICOS-DA-PARTICIPACAO-EM-ENCONTRO NATUREZA="Encontro" TITULO="Estudo dos indicadores nacionais a partir da base brapci: uma análise comparativa com os indicadores das bases internacionais" ANO="2012" PAIS="Brasil" MEIO-DE-DIVULGACAO="NAO_INFORMADO" HOME-PAGE-DO-TRABALHO="http://www.enancib2012.icict.fiocruz.br/" FLAG-RELEVANCIA="NAO" TIPO-PARTICIPACAO="Apresentação oral" FORMA-PARTICIPACAO="Participante" FLAG-DIVULGACAO-CIENTIFICA="NAO"/><DETALHAMENTO-DA-PARTICIPACAO-EM-ENCONTRO NOME-DO-EVENTO="XIII ENANCIB" CIDADE-DO-EVENTO="Rio de Janeiro"/></PARTICIPACAO-EM-ENCONTRO><PARTICIPACAO-EM-ENCONTRO SEQUENCIA-PRODUCAO="42"><PARTICIPANTE-DE-EVENTOS-CONGRESSOS NOME-COMPLETO-DO-PARTICIPANTE-DE-EVENTOS-CONGRESSOS="Rene Faustino Gabriel Junior" NOME-PARA-CITACAO-DO-PARTICIPANTE-DE-EVENTOS-CONGRESSOS="GABRIEL JUNIOR, Rene Faustino;GABRIEL JUNIOR, R. F." ORDEM-PARTICIPANTE="1" NRO-ID-CNPQ="5900345665779424"/><DADOS-BASICOS-DA-PARTICIPACAO-EM-ENCONTRO NATUREZA="Encontro" TITULO="Análise da colaboração científica nos programas de pós-graduação em ciência da informação com enfoque nas coautorias" ANO="2013" PAIS="Brasil" MEIO-DE-DIVULGACAO="NAO_INFORMADO" HOME-PAGE-DO-TRABALHO="http://gtancib.fci.unb.br/" FLAG-RELEVANCIA="NAO" TIPO-PARTICIPACAO="Apresentação oral" FORMA-PARTICIPACAO="Participante" FLAG-DIVULGACAO-CIENTIFICA="NAO"/><DETALHAMENTO-DA-PARTICIPACAO-EM-ENCONTRO NOME-DO-EVENTO="XIV ENANCIB" CIDADE-DO-EVENTO="Florianópolis"/></PARTICIPACAO-EM-ENCONTRO><PARTICIPACAO-EM-ENCONTRO SEQUENCIA-PRODUCAO="23"><PARTICIPANTE-DE-EVENTOS-CONGRESSOS NOME-COMPLETO-DO-PARTICIPANTE-DE-EVENTOS-CONGRESSOS="Rene Faustino Gabriel Junior" NOME-PARA-CITACAO-DO-PARTICIPANTE-DE-EVENTOS-CONGRESSOS="GABRIEL JUNIOR, Rene Faustino;GABRIEL JUNIOR, R. F." ORDEM-PARTICIPANTE="1" NRO-ID-CNPQ="5900345665779424"/><DADOS-BASICOS-DA-PARTICIPACAO-EM-ENCONTRO NATUREZA="Encontro" TITULO="A produção científica brasileira em periódicos da área de Ciência da Informação no período de 2006 a 209: uma análise bibliométrica" ANO="2011" PAIS="Espanha" MEIO-DE-DIVULGACAO="NAO_INFORMADO" HOME-PAGE-DO-TRABALHO="http://www.unex.es/eweb/edicic2011/" FLAG-RELEVANCIA="NAO" TIPO-PARTICIPACAO="Apresentação Oral" FORMA-PARTICIPACAO="Participante" TITULO-INGLES="Brazilian scientific production in information science periodicals from 2006 to 2009: a bibliometric analysis" FLAG-DIVULGACAO-CIENTIFICA="NAO"/><DETALHAMENTO-DA-PARTICIPACAO-EM-ENCONTRO NOME-DO-EVENTO="V Encuentro Ibérico EDICIC 2011" CIDADE-DO-EVENTO="Badajoz"/></PARTICIPACAO-EM-ENCONTRO><PARTICIPACAO-EM-ENCONTRO SEQUENCIA-PRODUCAO="4"><PARTICIPANTE-DE-EVENTOS-CONGRESSOS NOME-COMPLETO-DO-PARTICIPANTE-DE-EVENTOS-CONGRESSOS="Rene Faustino Gabriel Junior" NOME-PARA-CITACAO-DO-PARTICIPANTE-DE-EVENTOS-CONGRESSOS="GABRIEL JUNIOR, Rene Faustino;GABRIEL JUNIOR, R. F." ORDEM-PARTICIPANTE="1" NRO-ID-CNPQ="5900345665779424"/><DADOS-BASICOS-DA-PARTICIPACAO-EM-ENCONTRO NATUREZA="Encontro" ANO="2005" PAIS="Brasil" MEIO-DE-DIVULGACAO="NAO_INFORMADO" HOME-PAGE-DO-TRABALHO="http://www.decigi.ufpr.br/3cgi/agen.htm" FLAG-RELEVANCIA="NAO" FORMA-PARTICIPACAO="Ouvinte" FLAG-DIVULGACAO-CIENTIFICA="NAO"/><DETALHAMENTO-DA-PARTICIPACAO-EM-ENCONTRO NOME-DO-EVENTO="I ENCONTRO INTERNACIONAL EM GESTÃO DA INFORMAÇÃO" CIDADE-DO-EVENTO="Curitiba"/></PARTICIPACAO-EM-ENCONTRO><PARTICIPACAO-EM-ENCONTRO SEQUENCIA-PRODUCAO="41"><PARTICIPANTE-DE-EVENTOS-CONGRESSOS NOME-COMPLETO-DO-PARTICIPANTE-DE-EVENTOS-CONGRESSOS="Rene Faustino Gabriel Junior" NOME-PARA-CITACAO-DO-PARTICIPANTE-DE-EVENTOS-CONGRESSOS="GABRIEL JUNIOR, Rene Faustino;GABRIEL JUNIOR, R. F." ORDEM-PARTICIPANTE="1" NRO-ID-CNPQ="5900345665779424"/><DADOS-BASICOS-DA-PARTICIPACAO-EM-ENCONTRO NATUREZA="Encontro" TITULO="Produção científica sobre estudos métrico: configurações temáticas e de autoria (1972-2013)" ANO="2014" PAIS="Brasil" MEIO-DE-DIVULGACAO="NAO_INFORMADO" HOME-PAGE-DO-TRABALHO="http://enancib2014.eci.ufmg.br/" FLAG-RELEVANCIA="NAO" TIPO-PARTICIPACAO="Apresentação oral" FORMA-PARTICIPACAO="Participante" FLAG-DIVULGACAO-CIENTIFICA="NAO"/><DETALHAMENTO-DA-PARTICIPACAO-EM-ENCONTRO NOME-DO-EVENTO="XV ENANCIB" CIDADE-DO-EVENTO="Belo Horizonte"/></PARTICIPACAO-EM-ENCONTRO><OUTRAS-PARTICIPACOES-EM-EVENTOS-CONGRESSOS SEQUENCIA-PRODUCAO="10"><PARTICIPANTE-DE-EVENTOS-CONGRESSOS NOME-COMPLETO-DO-PARTICIPANTE-DE-EVENTOS-CONGRESSOS="Rene Faustino Gabriel Junior" NOME-PARA-CITACAO-DO-PARTICIPANTE-DE-EVENTOS-CONGRESSOS="GABRIEL JUNIOR, Rene Faustino;GABRIEL JUNIOR, R. F." ORDEM-PARTICIPANTE="1" NRO-ID-CNPQ="5900345665779424"/><DADOS-BASICOS-DE-OUTRAS-PARTICIPACOES-EM-EVENTOS-CONGRESSOS NATUREZA="Outra" ANO="2009" PAIS="Brasil" MEIO-DE-DIVULGACAO="NAO_INFORMADO" FLAG-RELEVANCIA="NAO" FORMA-PARTICIPACAO="Ouvinte" FLAG-DIVULGACAO-CIENTIFICA="NAO"/><DETALHAMENTO-DE-OUTRAS-PARTICIPACOES-EM-EVENTOS-CONGRESSOS NOME-DO-EVENTO="Ciclo de Debates Periódicos UFSC" CIDADE-DO-EVENTO="Florianópolis"/></OUTRAS-PARTICIPACOES-EM-EVENTOS-CONGRESSOS></PARTICIPACAO-EM-EVENTOS-CONGRESSOS><ORIENTACOES-EM-ANDAMENTO><ORIENTACAO-EM-ANDAMENTO-DE-APERFEICOAMENTO-ESPECIALIZACAO SEQUENCIA-PRODUCAO="46"><DADOS-BASICOS-DA-ORIENTACAO-EM-ANDAMENTO-DE-APERFEICOAMENTO-ESPECIALIZACAO NATUREZA="Monografia de conclusão de curso de aperfeiçoamento/especialização" TITULO-DO-TRABALHO="Indicadores Cientométricos e Bibliométricos da Revista Eletrônica de Administração (REAd)" ANO="2016" PAIS="Brasil" IDIOMA="Português"/><DETALHAMENTO-DA-ORIENTACAO-EM-ANDAMENTO-DE-APERFEICOAMENTO-ESPECIALIZACAO NOME-DO-ORIENTANDO="Claudete Leticia de David" CODIGO-INSTITUICAO="019200000005" NOME-INSTITUICAO="Universidade Federal do Rio Grande do Sul" CODIGO-CURSO="90000009" NOME-CURSO="Biblioteconomia" FLAG-BOLSA="NAO"/><PALAVRAS-CHAVE PALAVRA-CHAVE-1="bibliometria" PALAVRA-CHAVE-2="Produção Científica" PALAVRA-CHAVE-3="Periódico científico"/><AREAS-DO-CONHECIMENTO><AREA-DO-CONHECIMENTO-1 NOME-GRANDE-AREA-DO-CONHECIMENTO="CIENCIAS_SOCIAIS_APLICADAS"/></AREAS-DO-CONHECIMENTO></ORIENTACAO-EM-ANDAMENTO-DE-APERFEICOAMENTO-ESPECIALIZACAO></ORIENTACOES-EM-ANDAMENTO><INFORMACOES-ADICIONAIS-INSTITUICOES><INFORMACAO-ADICIONAL-INSTITUICAO CODIGO-INSTITUICAO="000100000991" SIGLA-INSTITUICAO="CEFET-PR" SIGLA-UF-INSTITUICAO="PR" SIGLA-PAIS-INSTITUICAO="BRA" NOME-PAIS-INSTITUICAO="Brasil" FLAG-AGENCIA-FOMENTO="NAO" FLAG-INSTITUICAO-DE-ENSINO="NAO"/><INFORMACAO-ADICIONAL-INSTITUICAO CODIGO-INSTITUICAO="000200000993" SIGLA-INSTITUICAO="CEFET-PR" SIGLA-UF-INSTITUICAO="PR" SIGLA-PAIS-INSTITUICAO="BRA" NOME-PAIS-INSTITUICAO="Brasil" FLAG-AGENCIA-FOMENTO="NAO" FLAG-INSTITUICAO-DE-ENSINO="NAO"/><INFORMACAO-ADICIONAL-INSTITUICAO CODIGO-INSTITUICAO="000300000995" SIGLA-INSTITUICAO="SIBDB" SIGLA-UF-INSTITUICAO="SP" SIGLA-PAIS-INSTITUICAO="BRA" NOME-PAIS-INSTITUICAO="Brasil" FLAG-AGENCIA-FOMENTO="NAO" FLAG-INSTITUICAO-DE-ENSINO="NAO"/><INFORMACAO-ADICIONAL-INSTITUICAO CODIGO-INSTITUICAO="000400000997" SIGLA-INSTITUICAO="BSI" SIGLA-UF-INSTITUICAO="PR" SIGLA-PAIS-INSTITUICAO="BRA" NOME-PAIS-INSTITUICAO="Brasil" FLAG-AGENCIA-FOMENTO="NAO" FLAG-INSTITUICAO-DE-ENSINO="NAO"/><INFORMACAO-ADICIONAL-INSTITUICAO CODIGO-INSTITUICAO="010300000003" SIGLA-INSTITUICAO="UFPR" SIGLA-UF-INSTITUICAO="PR" SIGLA-PAIS-INSTITUICAO="BRA" NOME-PAIS-INSTITUICAO="Brasil" FLAG-AGENCIA-FOMENTO="NAO" FLAG-INSTITUICAO-DE-ENSINO="SIM"/><INFORMACAO-ADICIONAL-INSTITUICAO CODIGO-INSTITUICAO="019200000005" SIGLA-INSTITUICAO="UFRGS" SIGLA-UF-INSTITUICAO="RS" SIGLA-PAIS-INSTITUICAO="BRA" NOME-PAIS-INSTITUICAO="Brasil" FLAG-AGENCIA-FOMENTO="NAO" FLAG-INSTITUICAO-DE-ENSINO="SIM"/><INFORMACAO-ADICIONAL-INSTITUICAO CODIGO-INSTITUICAO="020700000008" SIGLA-INSTITUICAO="PUC/PR" SIGLA-UF-INSTITUICAO="PR" SIGLA-PAIS-INSTITUICAO="BRA" NOME-PAIS-INSTITUICAO="Brasil" FLAG-AGENCIA-FOMENTO="NAO" FLAG-INSTITUICAO-DE-ENSINO="SIM"/><INFORMACAO-ADICIONAL-INSTITUICAO CODIGO-INSTITUICAO="020701000990" SIGLA-UF-INSTITUICAO="PR" SIGLA-PAIS-INSTITUICAO="BRA" NOME-PAIS-INSTITUICAO="Brasil" FLAG-AGENCIA-FOMENTO="NAO" FLAG-INSTITUICAO-DE-ENSINO="NAO"/><INFORMACAO-ADICIONAL-INSTITUICAO CODIGO-INSTITUICAO="020702000994" SIGLA-UF-INSTITUICAO="PR" SIGLA-PAIS-INSTITUICAO="BRA" NOME-PAIS-INSTITUICAO="Brasil" FLAG-AGENCIA-FOMENTO="NAO" FLAG-INSTITUICAO-DE-ENSINO="NAO"/><INFORMACAO-ADICIONAL-INSTITUICAO CODIGO-INSTITUICAO="033000000007" SIGLA-INSTITUICAO="UNESP" SIGLA-UF-INSTITUICAO="SP" SIGLA-PAIS-INSTITUICAO="BRA" NOME-PAIS-INSTITUICAO="Brasil" FLAG-AGENCIA-FOMENTO="NAO" FLAG-INSTITUICAO-DE-ENSINO="SIM"/><INFORMACAO-ADICIONAL-INSTITUICAO CODIGO-INSTITUICAO="045000000000" SIGLA-INSTITUICAO="CAPES" SIGLA-UF-INSTITUICAO="DF" SIGLA-PAIS-INSTITUICAO="BRA" NOME-PAIS-INSTITUICAO="Brasil" FLAG-AGENCIA-FOMENTO="SIM" FLAG-INSTITUICAO-DE-ENSINO="SIM"/></INFORMACOES-ADICIONAIS-INSTITUICOES><INFORMACOES-ADICIONAIS-CURSOS><INFORMACAO-ADICIONAL-CURSO CODIGO-CURSO="60051787" CODIGO-INSTITUICAO="033014000004" NOME-INSTITUICAO="Faculdade de Filosofia e Ciências - Campus de Marília" NOME-GRANDE-AREA-DO-CONHECIMENTO="CIENCIAS_SOCIAIS_APLICADAS" NOME-DA-AREA-DO-CONHECIMENTO="Ciência da Informação" NIVEL-CURSO="MESTRADO_DOUTORADO"/><INFORMACAO-ADICIONAL-CURSO CODIGO-CURSO="60055790" CODIGO-INSTITUICAO="010300000003" NOME-INSTITUICAO="Universidade Federal do Paraná" NOME-GRANDE-AREA-DO-CONHECIMENTO="OUTROS" NOME-DA-AREA-DO-CONHECIMENTO="Multidisciplinar" NIVEL-CURSO="MESTRADO"/><INFORMACAO-ADICIONAL-CURSO CODIGO-CURSO="60243716" CODIGO-INSTITUICAO="033000000007" NOME-INSTITUICAO="Universidade Estadual Paulista Júlio de Mesquita Filho" NOME-GRANDE-AREA-DO-CONHECIMENTO="OUTROS" NIVEL-CURSO="GRADUACAO"/><INFORMACAO-ADICIONAL-CURSO CODIGO-CURSO="90000000" CODIGO-INSTITUICAO="198100000000" NOME-INSTITUICAO="Universidade Tecnológica Federal do Paraná" NOME-GRANDE-AREA-DO-CONHECIMENTO="ENGENHARIAS" NOME-DA-AREA-DO-CONHECIMENTO="Engenharia Elétrica" NOME-DA-SUB-AREA-DO-CONHECIMENTO="Circuitos Elétricos, Magnéticos e Eletrônicos" NIVEL-CURSO="OT"/><INFORMACAO-ADICIONAL-CURSO CODIGO-CURSO="90000001" CODIGO-INSTITUICAO="000200000993" NOME-INSTITUICAO="Centro Federal de Educação Tecnológica do Paraná" NOME-GRANDE-AREA-DO-CONHECIMENTO="ENGENHARIAS" NOME-DA-AREA-DO-CONHECIMENTO="Engenharia Elétrica" NOME-DA-SUB-AREA-DO-CONHECIMENTO="Circuitos Elétricos, Magnéticos e Eletrônicos" NIVEL-CURSO="OT"/><INFORMACAO-ADICIONAL-CURSO CODIGO-CURSO="90000002" CODIGO-INSTITUICAO="020700000008" NOME-INSTITUICAO="Pontifícia Universidade Católica do Paraná" NOME-GRANDE-AREA-DO-CONHECIMENTO="CIENCIAS_SOCIAIS_APLICADAS" NOME-DA-AREA-DO-CONHECIMENTO="Ciência da Informação" NOME-DA-SUB-AREA-DO-CONHECIMENTO="Biblioteconomia" NIVEL-CURSO="GRADUACAO"/><INFORMACAO-ADICIONAL-CURSO CODIGO-CURSO="90000003" CODIGO-INSTITUICAO="000300000995" NOME-INSTITUICAO="Seminario Internacional de Bibliotecas Digitais Brasil" NOME-GRANDE-AREA-DO-CONHECIMENTO="CIENCIAS_SOCIAIS_APLICADAS" NOME-DA-AREA-DO-CONHECIMENTO="Comunicação" NIVEL-CURSO="CURSO_DE_CURTA_DURACAO"/><INFORMACAO-ADICIONAL-CURSO CODIGO-CURSO="90000004" CODIGO-INSTITUICAO="010300000003" NOME-INSTITUICAO="Universidade Federal do Paraná" NOME-GRANDE-AREA-DO-CONHECIMENTO="CIENCIAS_SOCIAIS_APLICADAS" NOME-DA-AREA-DO-CONHECIMENTO="Ciência da Informação" NIVEL-CURSO="CURSO_DE_CURTA_DURACAO"/><INFORMACAO-ADICIONAL-CURSO CODIGO-CURSO="90000005" CODIGO-INSTITUICAO="000400000997" NOME-INSTITUICAO="BSI Informática Ltda" NOME-GRANDE-AREA-DO-CONHECIMENTO="CIENCIAS_EXATAS_E_DA_TERRA" NOME-DA-AREA-DO-CONHECIMENTO="Ciência da Computação" NOME-DA-SUB-AREA-DO-CONHECIMENTO="Metodologia e Técnicas da Computação" NOME-DA-ESPECIALIDADE="Linguagens de Programação" NIVEL-CURSO="ESPECIALIZACAO"/><INFORMACAO-ADICIONAL-CURSO CODIGO-CURSO="90000006" CODIGO-INSTITUICAO="000400000997" NOME-INSTITUICAO="BSI Informática Ltda" NOME-GRANDE-AREA-DO-CONHECIMENTO="CIENCIAS_EXATAS_E_DA_TERRA" NOME-DA-AREA-DO-CONHECIMENTO="Ciência da Computação" NOME-DA-SUB-AREA-DO-CONHECIMENTO="Metodologia e Técnicas da Computação" NOME-DA-ESPECIALIDADE="Linguagens de Programação" NIVEL-CURSO="CURSO_DE_CURTA_DURACAO"/><INFORMACAO-ADICIONAL-CURSO CODIGO-CURSO="90000007" CODIGO-INSTITUICAO="010300000003" NOME-INSTITUICAO="Universidade Federal do Paraná" NOME-GRANDE-AREA-DO-CONHECIMENTO="CIENCIAS_SOCIAIS_APLICADAS" NOME-DA-AREA-DO-CONHECIMENTO="Ciência da Informação" NIVEL-CURSO="MESTRADO"/><INFORMACAO-ADICIONAL-CURSO CODIGO-CURSO="90000008" CODIGO-INSTITUICAO="033000000007" NOME-INSTITUICAO="Universidade Estadual Paulista Júlio de Mesquita Filho" NOME-GRANDE-AREA-DO-CONHECIMENTO="CIENCIAS_SOCIAIS_APLICADAS" NOME-DA-AREA-DO-CONHECIMENTO="Ciência da Informação" NOME-DA-SUB-AREA-DO-CONHECIMENTO="Arquivologia" NIVEL-CURSO="GRADUACAO"/><INFORMACAO-ADICIONAL-CURSO CODIGO-CURSO="90000009" CODIGO-INSTITUICAO="019200000005" NOME-INSTITUICAO="Universidade Federal do Rio Grande do Sul" NOME-GRANDE-AREA-DO-CONHECIMENTO="CIENCIAS_SOCIAIS_APLICADAS" NOME-DA-AREA-DO-CONHECIMENTO="Ciência da Informação" NOME-DA-SUB-AREA-DO-CONHECIMENTO="Biblioteconomia" NIVEL-CURSO="APERFEICOAMENTO"/></INFORMACOES-ADICIONAIS-CURSOS></DADOS-COMPLEMENTARES><eventos/></CURRICULO-VITAE>